ticker,total ESG score,,,,,
TSQ,20.5,,,,,
NOG,62.1,,,,,
ROCC,62,,,,,
MUX,59.8,,,,,
ESTE,57.8,,,,,
NRP,57.5,,,,,
ARCH,55.9,,,,,
MTDR,55.9,,,,,
HNRG,55.8,,,,,
MNRL,55.2,,,,,
REI,54.6,,,,,
GATO,53.6,,,,,
ARLP,52.9,,,,,
IEP,52.8,,,,,
REPX,52.8,,,,,
BTU,52.8,,,,,
MGY,52.1,,,,,
CEIX,52.1,,,,,
BRY,51.9,,,,,
BATL,50.9,,,,,
CNX,50.5,,,,,
ZEUS,49.4,,,,,
CLR,49,,,,,
BBIG,48.9,,,,,
KROS,48.6,,,,,
MMLP,47.9,,,,,
UEC,47.8,,,,,
LXU,47.6,,,,,
AMTX,47.6,,,,,
CLMT,47.4,,,,,
BYRN,47.1,,,,,
UTZ,47.1,,,,,
OTTR,47.1,,,,,
AVTX,47,,,,,
GWRS,46.8,,,,,
BYND,46.7,,,,,
UAVS,46.6,,,,,
SM,46.4,,,,,
OVV,46.3,,,,,
PARR,46.1,,,,,
CPE,46.1,,,,,
CTRA,46,,,,,
FANG,45.9,,,,,
KTOS,45.8,,,,,
APA,45.8,,,,,
CTSO,45.8,,,,,
PBF,45.7,,,,,
SWTX,45.6,,,,,
CRK,45.4,,,,,
CHCI,45.4,,,,,
SGU,45.2,,,,,
IPI,45.1,,,,,
KOPN,44.9,,,,,
LPI,44.9,,,,,
GEL,44.9,,,,,
PPC,44.8,,,,,
ETNB,44.8,,,,,
CBAY,44.8,,,,,
VRCA,44.7,,,,,
AMPE,44.6,,,,,
OYST,44.6,,,,,
IGMS,44.5,,,,,
CGEM,44.3,,,,,
CIVI,44.1,,,,,
PHAT,44.1,,,,,
NFG,43.9,,,,,
ARQT,43.9,,,,,
ARCT,43.9,,,,,
ACMR,43.9,,,,,
MX,43.8,,,,,
NLTX,43.8,,,,,
FRPT,43.7,,,,,
MTSI,43.6,,,,,
STXS,43.6,,,,,
TTCF,43.5,,,,,
CVI,43.5,,,,,
REX,43.4,,,,,
SMLP,43.4,,,,,
RLMD,43.3,,,,,
HCC,43.3,,,,,
STIM,43.3,,,,,
TPC,43.2,,,,,
VMI,43.2,,,,,
CENX,43.1,,,,,
AVD,43.1,,,,,
CIR,43,,,,,
KALV,42.9,,,,,
MRNS,42.9,,,,,
VAPO,42.8,,,,,
ROAD,42.8,,,,,
NNBR,42.8,,,,,
MASS,42.8,,,,,
ANIP,42.8,,,,,
PRTK,42.8,,,,,
ACRS,42.6,,,,,
VATE,42.5,,,,,
IMVT,42.5,,,,,
UTL,42.4,,,,,
TWNK,42.4,,,,,
SPCE,42.3,,,,,
RPTX,42.3,,,,,
KNSA,42.2,,,,,
AWH,42.2,,,,,
SPH,42.2,,,,,
MRO,42,,,,,
DRRX,41.9,,,,,
PCRX,41.6,,,,,
MTRN,41.5,,,,,
AHCO,41.5,,,,,
IBRX,41.4,,,,,
ATCX,41.3,,,,,
VHI,41.2,,,,,
ACA,41.2,,,,,
YORW,41.2,,,,,
RKLB,41.2,,,,,
BRBS,41.2,,,,,
SXC,41.1,,,,,
AMPH,41.1,,,,,
AJRD,41.1,,,,,
RPM,41,,,,,
GE,41,,,,,
NKTR,41,,,,,
MDVL,41,,,,,
AMRX,41,,,,,
PBFX,40.9,,,,,
TXMD,40.9,,,,,
RVMD,40.8,,,,,
ORMP,40.8,,,,,
GTBP,40.8,,,,,
AGX,40.8,,,,,
JJSF,40.7,,,,,
IMUX,40.7,,,,,
AXON,40.7,,,,,
KMPH,40.6,,,,,
CGC,40.6,,,,,
BLBD,40.5,,,,,
ONCT,40.4,,,,,
HI,40.4,,,,,
EYPT,40.4,,,,,
PAHC,40.4,,,,,
OLN,40.4,,,,,
HYFM,40.3,,,,,
RYI,40.3,,,,,
SIGA,40.3,,,,,
USLM,40.2,,,,,
STKL,40.1,,,,,
CLNE,40.1,,,,,
AOSL,40.1,,,,,
KWR,40,,,,,
ALLK,39.9,,,,,
SITM,39.9,,,,,
IPAR,39.9,,,,,
GRTS,39.8,,,,,
CALM,39.8,,,,,
DNMR,39.7,,,,,
WTI,39.7,,,,,
PRVB,39.6,,,,,
ALGT,39.6,,,,,
SILK,39.4,,,,,
CDZI,39.4,,,,,
TBPH,39.4,,,,,
CCLP,39.3,,,,,
USAC,39.3,,,,,
MGTA,39.2,,,,,
IESC,39.2,,,,,
PBH,39.2,,,,,
CDXS,39.2,,,,,
RCEL,39.1,,,,,
AR,39,,,,,
TDG,39,,,,,
CLPT,39,,,,,
TNDM,39,,,,,
FLO,38.9,,,,,
ARAY,38.9,,,,,
LSF,38.9,,,,,
SAVA,38.8,,,,,
LMNR,38.8,,,,,
AMRS,38.8,,,,,
FDP,38.7,,,,,
CRON,38.7,,,,,
CVGI,38.6,,,,,
ORIC,38.6,,,,,
LUNG,38.6,,,,,
SXI,38.5,,,,,
CUTR,38.5,,,,,
AC,38.4,,,,,
OTLK,38.4,,,,,
SFST,38.4,,,,,
MBIO,38.3,,,,,
STRL,38.3,,,,,
LPG,38.3,,,,,
MVBF,38.2,,,,,
APLS,38.2,,,,,
NRIM,38.2,,,,,
CELH,38.1,,,,,
CVX,38,,,,,
CCB,38,,,,,
AMRC,38,,,,,
CVGW,38,,,,,
HY,38,,,,,
SGRY,37.9,,,,,
GDEN,37.9,,,,,
LCI,37.8,,,,,
ATER,37.8,,,,,
COKE,37.7,,,,,
HCI,37.7,,,,,
VERU,37.6,,,,,
PLOW,37.5,,,,,
TDY,37.5,,,,,
HRMY,37.5,,,,,
BGS,37.5,,,,,
KLXE,37.4,,,,,
INFI,37.3,,,,,
DRIO,37.3,,,,,
INT,37.3,,,,,
CTVA,37.3,,,,,
ORRF,37.3,,,,,
KRP,37.3,,,,,
GLDD,37.3,,,,,
HAYN,37.3,,,,,
ASTE,37.2,,,,,
VITL,37.2,,,,,
PNM,37.2,,,,,
NWPX,37.1,,,,,
POR,37.1,,,,,
GRC,37.1,,,,,
MOS,37,,,,,
TSN,37,,,,,
EXP,37,,,,,
EQT,37,,,,,
PXD,37,,,,,
FUV,37,,,,,
GBX,37,,,,,
AMBA,36.9,,,,,
IART,36.9,,,,,
MYOV,36.9,,,,,
PCYO,36.7,,,,,
GLSI,36.7,,,,,
RGR,36.6,,,,,
ANNX,36.6,,,,,
ARDX,36.6,,,,,
TALO,36.5,,,,,
PLSE,36.5,,,,,
FRBK,36.5,,,,,
EOLS,36.5,,,,,
NATR,36.5,,,,,
ECVT,36.5,,,,,
MTW,36.5,,,,,
NWLI,36.5,,,,,
PNT,36.5,,,,,
SUPN,36.5,,,,,
ASTR,36.4,,,,,
BRKL,36.3,,,,,
SWX,36.3,,,,,
SEEL,36.3,,,,,
TIPT,36.3,,,,,
KDNY,36.2,,,,,
ALPN,36.2,,,,,
SYRS,36.1,,,,,
UIHC,36.1,,,,,
UVV,36.1,,,,,
VLGEA,36.1,,,,,
HGEN,36.1,,,,,
NEU,36,,,,,
EOG,36,,,,,
SMG,36,,,,,
PRGO,36,,,,,
ASH,36,,,,,
MDU,36,,,,,
XOM,36,,,,,
ADM,36,,,,,
NUVA,36,,,,,
NMTR,36,,,,,
CLF,36,,,,,
EPIX,36,,,,,
RTX,36,,,,,
CMP,36,,,,,
SNEX,35.9,,,,,
MCRB,35.9,,,,,
EIGR,35.9,,,,,
CLOV,35.9,,,,,
VREX,35.9,,,,,
CNMD,35.9,,,,,
ALEC,35.8,,,,,
TEX,35.8,,,,,
OEC,35.8,,,,,
ATNX,35.8,,,,,
BBIO,35.8,,,,,
KALA,35.8,,,,,
CQP,35.8,,,,,
ESE,35.8,,,,,
JBSS,35.7,,,,,
CTBI,35.7,,,,,
MCB,35.7,,,,,
JRVR,35.7,,,,,
MPB,35.7,,,,,
MTZ,35.7,,,,,
SXT,35.7,,,,,
HARP,35.6,,,,,
CATC,35.6,,,,,
ATHX,35.6,,,,,
NPK,35.6,,,,,
SRRK,35.6,,,,,
SPWR,35.6,,,,,
CRS,35.5,,,,,
SRNE,35.5,,,,,
MTEM,35.5,,,,,
HII,35.5,,,,,
AVIR,35.5,,,,,
SAVE,35.5,,,,,
OBNK,35.5,,,,,
MYRG,35.4,,,,,
OSBC,35.4,,,,,
WSBF,35.4,,,,,
CIVB,35.4,,,,,
DK,35.4,,,,,
HZNP,35.4,,,,,
BOOM,35.4,,,,,
MBI,35.3,,,,,
VRTS,35.3,,,,,
AX,35.3,,,,,
HESM,35.3,,,,,
CMCO,35.3,,,,,
QURE,35.3,,,,,
CPK,35.2,,,,,
OCUL,35.2,,,,,
THC,35.2,,,,,
RIDE,35.2,,,,,
VGR,35.2,,,,,
EVLO,35.2,,,,,
DCO,35.2,,,,,
HOOK,35.2,,,,,
AMK,35.1,,,,,
KAI,35.1,,,,,
MEC,35.1,,,,,
DIOD,35.1,,,,,
LIND,35.1,,,,,
BA,35,,,,,
FTV,35,,,,,
DVN,35,,,,,
KHC,35,,,,,
PWR,35,,,,,
ATO,35,,,,,
COP,35,,,,,
GD,35,,,,,
X,35,,,,,
CERE,35,,,,,
MNKD,35,,,,,
AIR,34.9,,,,,
TLRY,34.9,,,,,
OCN,34.9,,,,,
OPY,34.9,,,,,
SLCA,34.9,,,,,
ZOM,34.9,,,,,
SMBK,34.9,,,,,
REYN,34.8,,,,,
VST,34.8,,,,,
SMPL,34.7,,,,,
TMDX,34.7,,,,,
RIOT,34.7,,,,,
EVRG,34.7,,,,,
NWE,34.6,,,,,
TNXP,34.6,,,,,
SGTX,34.6,,,,,
EME,34.6,,,,,
SWN,34.6,,,,,
MLI,34.6,,,,,
QCRH,34.6,,,,,
AVAV,34.5,,,,,
SKYW,34.5,,,,,
ODC,34.5,,,,,
FBNC,34.5,,,,,
ATRA,34.5,,,,,
TPB,34.5,,,,,
HWKN,34.5,,,,,
GDYN,34.5,,,,,
KOD,34.5,,,,,
XENE,34.5,,,,,
CSTR,34.5,,,,,
NJR,34.5,,,,,
HRTG,34.4,,,,,
VTGN,34.4,,,,,
AXSM,34.4,,,,,
ZNTL,34.4,,,,,
CUE,34.4,,,,,
GNTY,34.4,,,,,
USNA,34.4,,,,,
RRR,34.4,,,,,
ASPN,34.3,,,,,
BWXT,34.3,,,,,
CCBG,34.3,,,,,
NHC,34.3,,,,,
IDT,34.3,,,,,
ALE,34.3,,,,,
NFE,34.3,,,,,
AGLE,34.2,,,,,
ABUS,34.2,,,,,
STBA,34.2,,,,,
SIBN,34.2,,,,,
DIN,34.2,,,,,
PMVP,34.2,,,,,
HBB,34.2,,,,,
HEP,34.2,,,,,
BSIG,34.2,,,,,
FIZZ,34.1,,,,,
NVAX,34.1,,,,,
FRST,34.1,,,,,
LMAT,34.1,,,,,
HA,34.1,,,,,
THS,34.1,,,,,
KRON,34.1,,,,,
WTBA,34.1,,,,,
TXT,34,,,,,
TRGP,34,,,,,
MMM,34,,,,,
PPL,34,,,,,
CAT,34,,,,,
NKLA,34,,,,,
RYTM,34,,,,,
TMP,34,,,,,
NVEC,34,,,,,
MTRX,34,,,,,
COGT,33.9,,,,,
FBK,33.9,,,,,
BKD,33.9,,,,,
ITOS,33.9,,,,,
ALBO,33.9,,,,,
FFWM,33.9,,,,,
FIX,33.9,,,,,
MOFG,33.9,,,,,
SHLS,33.9,,,,,
TCRR,33.9,,,,,
FBMS,33.9,,,,,
TMST,33.9,,,,,
GHL,33.8,,,,,
TTI,33.8,,,,,
OLMA,33.8,,,,,
SFT,33.8,,,,,
MLR,33.7,,,,,
BFC,33.7,,,,,
FREQ,33.7,,,,,
UVSP,33.7,,,,,
EBTC,33.6,,,,,
SMMF,33.6,,,,,
STRO,33.6,,,,,
FULC,33.6,,,,,
CZNC,33.6,,,,,
CWT,33.5,,,,,
MUR,33.5,,,,,
EBC,33.5,,,,,
AMTB,33.5,,,,,
PLYA,33.5,,,,,
GTE,33.5,,,,,
FUL,33.5,,,,,
RBB,33.5,,,,,
OOMA,33.4,,,,,
GNLN,33.4,,,,,
PGEN,33.4,,,,,
MDXG,33.4,,,,,
NVCR,33.4,,,,,
ITCI,33.4,,,,,
GO,33.4,,,,,
KRYS,33.4,,,,,
HAFC,33.4,,,,,
BEAM,33.3,,,,,
SYBT,33.3,,,,,
NRIX,33.3,,,,,
CDMO,33.3,,,,,
UBSI,33.3,,,,,
RAPT,33.2,,,,,
PRAX,33.2,,,,,
INZY,33.2,,,,,
AVRO,33.2,,,,,
BGCP,33.2,,,,,
SPFI,33.2,,,,,
MSEX,33.2,,,,,
TCMD,33.1,,,,,
CYH,33.1,,,,,
PEBO,33.1,,,,,
MGPI,33.1,,,,,
APYX,33.1,,,,,
INSP,33.1,,,,,
OII,33.1,,,,,
NOV,33,,,,,
RRC,33,,,,,
BHC,33,,,,,
FMC,33,,,,,
FB,33,,,,,
CAG,33,,,,,
DCI,33,,,,,
COTY,33,,,,,
NWBI,33,,,,,
GVA,33,,,,,
MWA,33,,,,,
REPL,33,,,,,
CBNK,33,,,,,
SAFT,33,,,,,
GTLS,33,,,,,
ALGS,33,,,,,
TARS,33,,,,,
ACAD,33,,,,,
RICK,33,,,,,
PASG,32.9,,,,,
GBIO,32.9,,,,,
ALLO,32.9,,,,,
ALDX,32.9,,,,,
WNC,32.9,,,,,
SHEN,32.9,,,,,
SRPT,32.9,,,,,
CELC,32.8,,,,,
VICR,32.8,,,,,
ACET,32.8,,,,,
GSAT,32.8,,,,,
MASI,32.8,,,,,
VIRX,32.8,,,,,
IMXI,32.8,,,,,
IBIO,32.8,,,,,
POWL,32.7,,,,,
SURF,32.7,,,,,
PGC,32.7,,,,,
EAR,32.7,,,,,
SESN,32.7,,,,,
HTBK,32.7,,,,,
PBFS,32.6,,,,,
VTDRF,32.6,,,,,
BRP,32.6,,,,,
IOVA,32.6,,,,,
SCU,32.6,,,,,
AMOT,32.5,,,,,
AORT,32.5,,,,,
KOP,32.5,,,,,
GRWG,32.5,,,,,
ATEC,32.4,,,,,
KRUS,32.4,,,,,
SAGE,32.4,,,,,
AERI,32.4,,,,,
VCYT,32.4,,,,,
GERN,32.4,,,,,
MCBS,32.4,,,,,
WABC,32.4,,,,,
POWI,32.4,,,,,
TGI,32.4,,,,,
TRN,32.3,,,,,
HRTX,32.3,,,,,
CBTX,32.3,,,,,
QS,32.3,,,,,
IMKTA,32.2,,,,,
MIRM,32.2,,,,,
CDE,32.2,,,,,
AXNX,32.2,,,,,
NWN,32.2,,,,,
AROC,32.2,,,,,
IRTC,32.2,,,,,
PRIM,32.2,,,,,
ITIC,32.2,,,,,
PATK,32.1,,,,,
AMNB,32.1,,,,,
LOCO,32.1,,,,,
XXII,32.1,,,,,
KOS,32.1,,,,,
ARWR,32.1,,,,,
SHC,32.1,,,,,
LMND,32.1,,,,,
FLL,32.1,,,,,
AMRK,32.1,,,,,
XBIT,32.1,,,,,
KNTE,32.1,,,,,
NUE,32,,,,,
SCCO,32,,,,,
OGE,32,,,,,
HES,32,,,,,
MLM,32,,,,,
FCX,32,,,,,
WLK,32,,,,,
SPR,32,,,,,
STLD,32,,,,,
LUV,32,,,,,
LLY,32,,,,,
GGG,32,,,,,
NRG,32,,,,,
GSBC,32,,,,,
BMRC,32,,,,,
FGEN,32,,,,,
KRNY,32,,,,,
FDBC,32,,,,,
WKHS,32,,,,,
FOCS,32,,,,,
AROW,32,,,,,
PRA,32,,,,,
PJT,32,,,,,
WIRE,31.9,,,,,
SPNE,31.9,,,,,
ITGR,31.9,,,,,
KPTI,31.9,,,,,
ATEX,31.9,,,,,
ABCL,31.9,,,,,
KRTX,31.8,,,,,
AKRO,31.8,,,,,
FRGI,31.8,,,,,
TRS,31.8,,,,,
SELB,31.8,,,,,
STKS,31.8,,,,,
CMRX,31.8,,,,,
ABCB,31.7,,,,,
OPK,31.7,,,,,
GEO,31.7,,,,,
CDNA,31.7,,,,,
SHAK,31.7,,,,,
SCOR,31.7,,,,,
SRCE,31.7,,,,,
IRMD,31.7,,,,,
STC,31.7,,,,,
SFBS,31.6,,,,,
SGH,31.6,,,,,
PIPR,31.6,,,,,
VBTX,31.6,,,,,
HAIN,31.6,,,,,
ALRS,31.6,,,,,
SDC,31.6,,,,,
BLDR,31.6,,,,,
WLFC,31.5,,,,,
HTH,31.5,,,,,
ICPT,31.5,,,,,
NGVC,31.5,,,,,
HLNE,31.5,,,,,
CATY,31.5,,,,,
PUMP,31.5,,,,,
BCO,31.5,,,,,
PZZA,31.4,,,,,
VNTR,31.4,,,,,
HE,31.4,,,,,
CNTY,31.4,,,,,
SGMO,31.4,,,,,
SAM,31.4,,,,,
NVST,31.4,,,,,
DMTK,31.3,,,,,
CHUY,31.3,,,,,
ENLC,31.3,,,,,
PRMW,31.3,,,,,
USPH,31.3,,,,,
ALG,31.3,,,,,
RIGL,31.3,,,,,
ATNI,31.3,,,,,
TG,31.3,,,,,
CIA,31.2,,,,,
TCRT,31.2,,,,,
WSFS,31.1,,,,,
MRCY,31.1,,,,,
NARI,31.1,,,,,
OFG,31.1,,,,,
EVI,31.1,,,,,
NR,31.1,,,,,
WWD,31.1,,,,,
FSS,31.1,,,,,
PLUG,31.1,,,,,
MIDD,31,,,,,
PNW,31,,,,,
SJM,31,,,,,
SNA,31,,,,,
DPZ,31,,,,,
GM,31,,,,,
MCHP,31,,,,,
IMO,31,,,,,
WASH,31,,,,,
SRT,31,,,,,
AMSC,31,,,,,
CFFN,31,,,,,
CARE,31,,,,,
MESA,31,,,,,
LCTX,31,,,,,
OFIX,31,,,,,
BXC,31,,,,,
OCGN,30.9,,,,,
CHCO,30.9,,,,,
EIG,30.9,,,,,
OGS,30.9,,,,,
AWR,30.8,,,,,
FBP,30.8,,,,,
IVC,30.8,,,,,
FHTX,30.8,,,,,
AUPH,30.7,,,,,
AGIO,30.7,,,,,
RCUS,30.7,,,,,
NBHC,30.7,,,,,
BKH,30.7,,,,,
AMWD,30.7,,,,,
FFBC,30.7,,,,,
VRAY,30.7,,,,,
TAST,30.7,,,,,
SMMT,30.6,,,,,
MSBI,30.6,,,,,
TRST,30.6,,,,,
ZYXI,30.6,,,,,
COLL,30.6,,,,,
CCCC,30.6,,,,,
UFCS,30.6,,,,,
CNSL,30.5,,,,,
JELD,30.5,,,,,
TRVN,30.5,,,,,
ENSG,30.5,,,,,
DCPH,30.5,,,,,
FNLC,30.4,,,,,
VTRS,30.4,,,,,
JNCE,30.4,,,,,
ALVR,30.4,,,,,
VMD,30.4,,,,,
VCTR,30.4,,,,,
HBNC,30.4,,,,,
MMP,30.4,,,,,
HLIO,30.4,,,,,
DVAX,30.3,,,,,
WDFC,30.3,,,,,
JBI,30.3,,,,,
UFPI,30.3,,,,,
EQBK,30.3,,,,,
PLRX,30.3,,,,,
IIIN,30.2,,,,,
LNTH,30.2,,,,,
CRNX,30.2,,,,,
HONE,30.2,,,,,
BJ,30.2,,,,,
NVEE,30.2,,,,,
FUN,30.1,,,,,
CHX,30.1,,,,,
CDLX,30.1,,,,,
GABC,30.1,,,,,
GMED,30.1,,,,,
CMC,30.1,,,,,
AFIB,30.1,,,,,
GFF,30.1,,,,,
BNFT,30.1,,,,,
CF,30,,,,,
H,30,,,,,
ETR,30,,,,,
VLO,30,,,,,
MKL,30,,,,,
TFX,30,,,,,
AMZN,30,,,,,
UAL,30,,,,,
HLF,30,,,,,
ROKU,30,,,,,
MC,30,,,,,
CHWY,30,,,,,
GEVO,30,,,,,
BLUE,30,,,,,
RDNT,30,,,,,
VIRT,30,,,,,
OPRT,30,,,,,
CASH,29.9,,,,,
NPO,29.9,,,,,
GRPN,29.9,,,,,
CHDN,29.9,,,,,
CASY,29.9,,,,,
ORGO,29.9,,,,,
SWI,29.9,,,,,
AQB,29.9,,,,,
HSKA,29.9,,,,,
LBAI,29.8,,,,,
RBCAA,29.8,,,,,
YEXT,29.8,,,,,
SWAV,29.7,,,,,
ACI,29.7,,,,,
FFIC,29.7,,,,,
HEES,29.7,,,,,
CCOI,29.7,,,,,
CVBF,29.7,,,,,
BE,29.7,,,,,
OCX,29.7,,,,,
TGTX,29.7,,,,,
AMTI,29.6,,,,,
FSBW,29.6,,,,,
PAGP,29.6,,,,,
WTTR,29.6,,,,,
FSLY,29.6,,,,,
MCBC,29.6,,,,,
ALNY,29.6,,,,,
SQZ,29.6,,,,,
LANC,29.6,,,,,
ITT,29.5,,,,,
SENS,29.5,,,,,
IOSP,29.5,,,,,
AMSF,29.5,,,,,
SJW,29.5,,,,,
ISEE,29.5,,,,,
RFL,29.4,,,,,
HTBI,29.4,,,,,
JBLU,29.4,,,,,
KNSL,29.4,,,,,
EGBN,29.4,,,,,
FLIC,29.4,,,,,
VAC,29.4,,,,,
PUBM,29.4,,,,,
TITN,29.3,,,,,
BCEL,29.3,,,,,
SPRO,29.3,,,,,
CPRX,29.3,,,,,
SFNC,29.3,,,,,
MYGN,29.3,,,,,
DXPE,29.3,,,,,
FHI,29.3,,,,,
ENPH,29.3,,,,,
COLB,29.3,,,,,
FIVN,29.3,,,,,
LIVN,29.3,,,,,
ACTG,29.3,,,,,
CLVS,29.2,,,,,
PTGX,29.2,,,,,
CFB,29.2,,,,,
HXL,29.2,,,,,
LKFN,29.2,,,,,
SSRM,29.2,,,,,
DHIL,29.2,,,,,
EAF,29.2,,,,,
UBER,29.2,,,,,
FBC,29.2,,,,,
GDOT,29.2,,,,,
RPRX,29.2,,,,,
NUS,29.2,,,,,
HOPE,29.1,,,,,
FMBH,29.1,,,,,
IBTX,29.1,,,,,
RVNC,29.1,,,,,
RCKT,29.1,,,,,
CVM,29.1,,,,,
PRLD,29.1,,,,,
FSR,29.1,,,,,
EHC,29.1,,,,,
MCY,29.1,,,,,
PFIS,29.1,,,,,
AGEN,29.1,,,,,
SPB,29.1,,,,,
PRK,29.1,,,,,
VMC,29,,,,,
PH,29,,,,,
HUN,29,,,,,
AEE,29,,,,,
EMR,29,,,,,
THO,29,,,,,
QRVO,29,,,,,
HON,29,,,,,
DD,29,,,,,
PNR,29,,,,,
INGR,29,,,,,
MPC,29,,,,,
TSLA,29,,,,,
IONS,29,,,,,
FE,29,,,,,
AAL,29,,,,,
SHW,29,,,,,
CE,29,,,,,
ALB,29,,,,,
SYK,29,,,,,
HOLX,29,,,,,
PSX,29,,,,,
ORI,29,,,,,
NFBK,29,,,,,
BCOV,29,,,,,
ANGO,29,,,,,
CXW,29,,,,,
TRNS,29,,,,,
FATE,29,,,,,
RARE,29,,,,,
SOI,29,,,,,
HOMB,28.9,,,,,
BFST,28.9,,,,,
IRWD,28.9,,,,,
PLTK,28.9,,,,,
FIBK,28.9,,,,,
CBU,28.9,,,,,
WVE,28.9,,,,,
GH,28.9,,,,,
GBCI,28.9,,,,,
TNGX,28.9,,,,,
GTES,28.8,,,,,
LXFR,28.8,,,,,
DOOR,28.8,,,,,
HYRE,28.8,,,,,
BUSE,28.8,,,,,
LPSN,28.8,,,,,
ALXO,28.8,,,,,
KIDS,28.8,,,,,
SKIN,28.8,,,,,
BLFS,28.8,,,,,
BALY,28.8,,,,,
ARNC,28.8,,,,,
TCX,28.7,,,,,
INGN,28.7,,,,,
FCF,28.7,,,,,
PACB,28.7,,,,,
URGN,28.7,,,,,
CRIS,28.7,,,,,
SMBC,28.7,,,,,
IMGN,28.7,,,,,
VBIV,28.7,,,,,
VNDA,28.7,,,,,
SHBI,28.7,,,,,
RRGB,28.7,,,,,
LBRT,28.7,,,,,
MCS,28.7,,,,,
ACHC,28.6,,,,,
CSII,28.6,,,,,
HBT,28.6,,,,,
SASR,28.6,,,,,
EVER,28.6,,,,,
NATH,28.6,,,,,
JYNT,28.6,,,,,
GTHX,28.6,,,,,
FLNT,28.6,,,,,
BANR,28.6,,,,,
AVXL,28.6,,,,,
BPMC,28.6,,,,,
CTLT,28.5,,,,,
RLI,28.5,,,,,
EGHT,28.5,,,,,
BCRX,28.5,,,,,
LAZR,28.5,,,,,
SEAS,28.5,,,,,
SBCF,28.4,,,,,
ESNT,28.4,,,,,
FCBC,28.4,,,,,
MBWM,28.4,,,,,
ENVX,28.4,,,,,
FDMT,28.4,,,,,
TRUE,28.3,,,,,
KYMR,28.3,,,,,
INSE,28.3,,,,,
SSTK,28.2,,,,,
TVTX,28.2,,,,,
RSI,28.2,,,,,
CRMD,28.2,,,,,
IBOC,28.2,,,,,
STTK,28.2,,,,,
WMS,28.1,,,,,
BTAI,28.1,,,,,
AXGN,28.1,,,,,
CRAI,28.1,,,,,
BHB,28.1,,,,,
CLBK,28.1,,,,,
PENN,28.1,,,,,
PGTI,28.1,,,,,
BECN,28.1,,,,,
RUBY,28.1,,,,,
WING,28.1,,,,,
PLAB,28.1,,,,,
CNA,28,,,,,
PEG,28,,,,,
DRI,28,,,,,
ABBV,28,,,,,
WEC,28,,,,,
HCA,28,,,,,
AWK,28,,,,,
SWKS,28,,,,,
HRL,28,,,,,
MNST,28,,,,,
PCAR,28,,,,,
LMT,28,,,,,
RAD,28,,,,,
GOGO,28,,,,,
EGAN,28,,,,,
VEL,28,,,,,
EVR,28,,,,,
TSHA,28,,,,,
PFC,28,,,,,
EPC,28,,,,,
TRMK,27.9,,,,,
PRFT,27.9,,,,,
UEIC,27.9,,,,,
CHH,27.9,,,,,
INBX,27.9,,,,,
CARA,27.9,,,,,
RRBI,27.9,,,,,
FCFS,27.9,,,,,
FAF,27.8,,,,,
APLT,27.8,,,,,
GMS,27.8,,,,,
DLTH,27.8,,,,,
IBCP,27.8,,,,,
INDB,27.8,,,,,
RLAY,27.8,,,,,
EB,27.8,,,,,
BLMN,27.8,,,,,
EGLE,27.8,,,,,
IRDM,27.8,,,,,
FTI,27.7,,,,,
ERII,27.7,,,,,
SBSI,27.7,,,,,
JACK,27.7,,,,,
TCBK,27.7,,,,,
ESPR,27.7,,,,,
PLNT,27.7,,,,,
MEIP,27.7,,,,,
BCOR,27.7,,,,,
CRDF,27.7,,,,,
UPST,27.6,,,,,
HBCP,27.6,,,,,
MDGL,27.6,,,,,
MGNX,27.6,,,,,
RUTH,27.6,,,,,
VSTM,27.6,,,,,
BV,27.6,,,,,
AMWL,27.6,,,,,
CORT,27.6,,,,,
ASLE,27.5,,,,,
MORF,27.5,,,,,
NNI,27.5,,,,,
SYNA,27.5,,,,,
THFF,27.5,,,,,
CCF,27.5,,,,,
FOLD,27.5,,,,,
WOLF,27.5,,,,,
PRCH,27.5,,,,,
VRT,27.5,,,,,
BCAB,27.5,,,,,
BSRR,27.5,,,,,
GPRO,27.4,,,,,
SPRB,27.4,,,,,
WEN,27.4,,,,,
MPLX,27.4,,,,,
PCSB,27.4,,,,,
PSTX,27.3,,,,,
TFSL,27.3,,,,,
MDC,27.3,,,,,
PLPC,27.3,,,,,
FMNB,27.3,,,,,
GOCO,27.2,,,,,
STEM,27.2,,,,,
ANGI,27.2,,,,,
PFSI,27.2,,,,,
ABMD,27.2,,,,,
RKT,27.2,,,,,
NG,27.2,,,,,
MRTX,27.2,,,,,
DTIL,27.2,,,,,
OIS,27.1,,,,,
MGI,27.1,,,,,
DM,27.1,,,,,
PRLB,27.1,,,,,
PETS,27.1,,,,,
CHRS,27.1,,,,,
INSM,27.1,,,,,
CTMX,27.1,,,,,
NKTX,27.1,,,,,
ALSN,27.1,,,,,
PVBC,27.1,,,,,
LBC,27.1,,,,,
INFU,27.1,,,,,
BJRI,27.1,,,,,
BOX,27.1,,,,,
NX,27.1,,,,,
NOC,27,,,,,
IAC,27,,,,,
EIX,27,,,,,
ERIE,27,,,,,
ON,27,,,,,
CHTR,27,,,,,
NDSN,27,,,,,
WYNN,27,,,,,
SGEN,27,,,,,
MKC,27,,,,,
K,27,,,,,
PG,27,,,,,
HSY,27,,,,,
IEX,27,,,,,
ZBH,27,,,,,
CSGP,27,,,,,
NCLH,27,,,,,
REVG,27,,,,,
BGNE,27,,,,,
AZZ,27,,,,,
XPEL,27,,,,,
AKBA,27,,,,,
ULH,27,,,,,
GNW,27,,,,,
AKTS,27,,,,,
SEER,27,,,,,
NTLA,26.9,,,,,
WLDN,26.8,,,,,
AIMC,26.8,,,,,
CYTK,26.8,,,,,
BKU,26.8,,,,,
SPT,26.7,,,,,
PSMT,26.7,,,,,
AM,26.7,,,,,
GNRC,26.7,,,,,
TWST,26.7,,,,,
NOTV,26.7,,,,,
CLDX,26.7,,,,,
SRDX,26.6,,,,,
CAKE,26.6,,,,,
NBTB,26.6,,,,,
GLT,26.6,,,,,
WHD,26.6,,,,,
HCCI,26.6,,,,,
FPH,26.5,,,,,
PKOH,26.5,,,,,
SSB,26.5,,,,,
LCII,26.5,,,,,
DYN,26.5,,,,,
PAYA,26.5,,,,,
FTHM,26.5,,,,,
WRLD,26.5,,,,,
BDTX,26.4,,,,,
AAON,26.4,,,,,
DBD,26.4,,,,,
VKTX,26.4,,,,,
HMST,26.4,,,,,
RNST,26.4,,,,,
ONCR,26.3,,,,,
SNDX,26.3,,,,,
MTN,26.3,,,,,
QTNT,26.3,,,,,
TBBK,26.3,,,,,
KMT,26.2,,,,,
LFG,26.2,,,,,
SPPI,26.2,,,,,
CCRD,26.2,,,,,
CNS,26.2,,,,,
ALK,26.2,,,,,
GKOS,26.1,,,,,
ALRM,26.1,,,,,
TENB,26.1,,,,,
MGEE,26.1,,,,,
WISH,26.1,,,,,
PCVX,26.1,,,,,
CAC,26.1,,,,,
DDD,26.1,,,,,
UTHR,26,,,,,
SIX,26,,,,,
ARMK,26,,,,,
BMRN,26,,,,,
AXTA,26,,,,,
BX,26,,,,,
ALKS,26,,,,,
CMA,26,,,,,
EL,26,,,,,
DAL,26,,,,,
FAST,26,,,,,
EFX,26,,,,,
ACM,26,,,,,
FLS,26,,,,,
CNP,26,,,,,
FBHS,26,,,,,
CINF,26,,,,,
TMUS,26,,,,,
JAZZ,26,,,,,
MAS,26,,,,,
PTSI,26,,,,,
INSG,26,,,,,
RGNX,26,,,,,
PGNY,26,,,,,
CSWI,26,,,,,
ENV,26,,,,,
CALX,26,,,,,
WES,26,,,,,
ESI,26,,,,,
ATRC,26,,,,,
PLAY,25.9,,,,,
HFWA,25.9,,,,,
APOG,25.9,,,,,
MARA,25.9,,,,,
HCAT,25.9,,,,,
SMCI,25.9,,,,,
TRUP,25.9,,,,,
KRO,25.9,,,,,
STEP,25.9,,,,,
SMSI,25.9,,,,,
CZR,25.9,,,,,
JBT,25.8,,,,,
PODD,25.8,,,,,
SLDB,25.8,,,,,
NSTG,25.7,,,,,
VC,25.7,,,,,
EVOP,25.7,,,,,
RLGT,25.7,,,,,
MXL,25.7,,,,,
DASH,25.7,,,,,
KALU,25.7,,,,,
CRSP,25.7,,,,,
ENVA,25.7,,,,,
DRQ,25.6,,,,,
CDXC,25.6,,,,,
ME,25.6,,,,,
LC,25.6,,,,,
SKY,25.6,,,,,
DCT,25.6,,,,,
IDEX,25.6,,,,,
HMPT,25.6,,,,,
CMTL,25.6,,,,,
QTRX,25.6,,,,,
PSN,25.5,,,,,
FPI,25.5,,,,,
REKR,25.5,,,,,
ANAB,25.5,,,,,
CAMP,25.5,,,,,
AXTI,25.5,,,,,
VALU,25.5,,,,,
TTGT,25.5,,,,,
DNOW,25.4,,,,,
LEGH,25.4,,,,,
VXRT,25.4,,,,,
UMBF,25.4,,,,,
FISI,25.4,,,,,
ACCD,25.4,,,,,
LXRX,25.4,,,,,
APG,25.3,,,,,
NGM,25.3,,,,,
FOUR,25.3,,,,,
SPSC,25.3,,,,,
VHC,25.3,,,,,
FROG,25.3,,,,,
APAM,25.3,,,,,
ICAD,25.3,,,,,
CYRX,25.3,,,,,
CLW,25.3,,,,,
BCPC,25.2,,,,,
ECPG,25.2,,,,,
GATX,25.2,,,,,
IBP,25.2,,,,,
HLI,25.2,,,,,
QTWO,25.2,,,,,
ROCK,25.2,,,,,
OPCH,25.2,,,,,
SOFI,25.1,,,,,
HRI,25.1,,,,,
PDFS,25.1,,,,,
AIT,25.1,,,,,
TTD,25.1,,,,,
NEP,25.1,,,,,
TDOC,25.1,,,,,
SRCL,25,,,,,
MCD,25,,,,,
AA,25,,,,,
WMT,25,,,,,
DOV,25,,,,,
EXPE,25,,,,,
JNJ,25,,,,,
TNL,25,,,,,
PFE,25,,,,,
LYB,25,,,,,
UNP,25,,,,,
MGM,25,,,,,
ABT,25,,,,,
HUBB,25,,,,,
RIG,25,,,,,
TRIP,25,,,,,
SBUX,25,,,,,
RPAY,25,,,,,
DZSI,25,,,,,
MRSN,25,,,,,
KURA,25,,,,,
DNLI,24.9,,,,,
LPRO,24.9,,,,,
TXRH,24.9,,,,,
PPBI,24.9,,,,,
MG,24.9,,,,,
AMEH,24.9,,,,,
RNA,24.9,,,,,
VRNS,24.8,,,,,
VSAT,24.8,,,,,
QUOT,24.8,,,,,
CARG,24.8,,,,,
MRUS,24.8,,,,,
QNST,24.8,,,,,
NBIX,24.8,,,,,
RGP,24.8,,,,,
UMPQ,24.7,,,,,
APPF,24.7,,,,,
IIIV,24.7,,,,,
CBRL,24.7,,,,,
EPAM,24.7,,,,,
CASA,24.7,,,,,
BYD,24.7,,,,,
NEO,24.7,,,,,
THG,24.7,,,,,
EVBG,24.6,,,,,
CLPR,24.6,,,,,
EXAS,24.6,,,,,
NGVT,24.6,,,,,
AVNT,24.6,,,,,
AXDX,24.6,,,,,
SEDG,24.6,,,,,
PBYI,24.6,,,,,
ENTA,24.6,,,,,
EXEL,24.5,,,,,
XNCR,24.5,,,,,
RAMP,24.5,,,,,
EBS,24.5,,,,,
PTRA,24.5,,,,,
WMK,24.4,,,,,
FFIN,24.4,,,,,
MGTX,24.4,,,,,
HYLN,24.4,,,,,
JOE,24.4,,,,,
SDGR,24.4,,,,,
DGII,24.4,,,,,
AVNW,24.4,,,,,
HBIO,24.4,,,,,
LYFT,24.4,,,,,
CRSR,24.3,,,,,
CLFD,24.3,,,,,
DOW,24.3,,,,,
AKU,24.3,,,,,
WOOF,24.3,,,,,
SRI,24.3,,,,,
LQDT,24.3,,,,,
RYAM,24.3,,,,,
BILL,24.3,,,,,
PRTS,24.3,,,,,
PINS,24.2,,,,,
CURO,24.2,,,,,
VCEL,24.2,,,,,
PTCT,24.2,,,,,
FORR,24.2,,,,,
PAA,24.2,,,,,
ADVM,24.2,,,,,
AGO,24.2,,,,,
VUZI,24.2,,,,,
UCTT,24.2,,,,,
NTGR,24.1,,,,,
CVLG,24.1,,,,,
PB,24.1,,,,,
MRC,24.1,,,,,
MATW,24.1,,,,,
CACC,24.1,,,,,
LPLA,24.1,,,,,
MDLZ,24,,,,,
DXCM,24,,,,,
XEL,24,,,,,
AOS,24,,,,,
EWBC,24,,,,,
JEF,24,,,,,
IP,24,,,,,
CMG,24,,,,,
QSR,24,,,,,
BAX,24,,,,,
EXC,24,,,,,
HP,24,,,,,
HAL,24,,,,,
ADI,24,,,,,
MO,24,,,,,
ISRG,24,,,,,
PM,24,,,,,
CCL,24,,,,,
FNF,24,,,,,
CB,24,,,,,
COST,24,,,,,
LUMN,24,,,,,
WMB,24,,,,,
ALLE,24,,,,,
INCY,24,,,,,
ECL,24,,,,,
AME,24,,,,,
OKE,24,,,,,
PPG,24,,,,,
EMN,24,,,,,
LNG,24,,,,,
TWI,24,,,,,
PRAA,24,,,,,
TNC,24,,,,,
KZR,24,,,,,
UPLD,24,,,,,
AYX,24,,,,,
TWLO,23.9,,,,,
RCM,23.9,,,,,
CLSK,23.9,,,,,
NH,23.9,,,,,
AFRM,23.9,,,,,
CERT,23.9,,,,,
CLH,23.9,,,,,
VERX,23.9,,,,,
SLQT,23.9,,,,,
PTEN,23.9,,,,,
HALO,23.8,,,,,
EGRX,23.8,,,,,
STGW,23.8,,,,,
MHO,23.8,,,,,
RBBN,23.8,,,,,
SCL,23.8,,,,,
ATSG,23.7,,,,,
MODN,23.7,,,,,
KODK,23.7,,,,,
ONTO,23.7,,,,,
THR,23.7,,,,,
EBIX,23.7,,,,,
EAT,23.7,,,,,
TRC,23.6,,,,,
BAND,23.6,,,,,
FHB,23.6,,,,,
RPD,23.6,,,,,
HUBG,23.6,,,,,
PRTA,23.6,,,,,
CWST,23.6,,,,,
VSEC,23.6,,,,,
LSCC,23.5,,,,,
WH,23.5,,,,,
IBKR,23.5,,,,,
PLMR,23.5,,,,,
LHX,23.5,,,,,
KVHI,23.5,,,,,
SFM,23.5,,,,,
CRWD,23.5,,,,,
IR,23.5,,,,,
XGN,23.5,,,,,
ALEX,23.5,,,,,
MGNI,23.5,,,,,
AMSWA,23.5,,,,,
AAWW,23.4,,,,,
ARRY,23.4,,,,,
HURN,23.4,,,,,
QMCO,23.4,,,,,
PRO,23.4,,,,,
MSTR,23.4,,,,,
XPRO,23.4,,,,,
DOMO,23.4,,,,,
SNAP,23.4,,,,,
KBR,23.4,,,,,
LPX,23.4,,,,,
ADT,23.4,,,,,
ALIT,23.3,,,,,
ENS,23.3,,,,,
CVCO,23.3,,,,,
AMCX,23.3,,,,,
ABNB,23.3,,,,,
CEVA,23.3,,,,,
EPRT,23.3,,,,,
BKR,23.3,,,,,
MRNA,23.3,,,,,
BOC,23.2,,,,,
APPS,23.2,,,,,
NVRO,23.2,,,,,
HGV,23.2,,,,,
OPRX,23.2,,,,,
RMBS,23.2,,,,,
BCC,23.2,,,,,
VVNT,23.1,,,,,
ELF,23.1,,,,,
VTOL,23.1,,,,,
NVTA,23.1,,,,,
ARES,23.1,,,,,
LECO,23,,,,,
MD,23,,,,,
CVS,23,,,,,
VRTX,23,,,,,
ROP,23,,,,,
WAB,23,,,,,
KO,23,,,,,
DFS,23,,,,,
NSC,23,,,,,
CBSH,23,,,,,
UHAL,23,,,,,
DVA,23,,,,,
GNTX,23,,,,,
CPB,23,,,,,
BOKF,23,,,,,
LEN,23,,,,,
LAZ,23,,,,,
ED,23,,,,,
TOL,23,,,,,
MDT,23,,,,,
AMP,23,,,,,
USX,23,,,,,
KDP,23,,,,,
BDC,23,,,,,
TREX,23,,,,,
CPF,22.9,,,,,
WTM,22.9,,,,,
YMAB,22.9,,,,,
FIXX,22.9,,,,,
WOW,22.9,,,,,
RNG,22.9,,,,,
GSHD,22.9,,,,,
EEFT,22.9,,,,,
STOK,22.9,,,,,
OLP,22.8,,,,,
DENN,22.8,,,,,
ARVN,22.8,,,,,
SSTI,22.8,,,,,
ASAN,22.8,,,,,
NVT,22.8,,,,,
BL,22.7,,,,,
WD,22.7,,,,,
WGO,22.7,,,,,
MITK,22.7,,,,,
HCSG,22.7,,,,,
CARS,22.7,,,,,
ENTG,22.7,,,,,
TTEC,22.6,,,,,
DT,22.6,,,,,
EZPW,22.6,,,,,
DNB,22.6,,,,,
UNF,22.6,,,,,
TXG,22.6,,,,,
ATKR,22.6,,,,,
RRX,22.6,,,,,
MMSI,22.6,,,,,
CCS,22.6,,,,,
SSD,22.6,,,,,
AGR,22.6,,,,,
YELL,22.5,,,,,
CWK,22.5,,,,,
ONEM,22.5,,,,,
SCWX,22.5,,,,,
TKR,22.5,,,,,
BZH,22.5,,,,,
CSTL,22.5,,,,,
AIN,22.5,,,,,
CSGS,22.4,,,,,
ATUS,22.4,,,,,
DAR,22.4,,,,,
VVI,22.4,,,,,
ETSY,22.4,,,,,
COHU,22.4,,,,,
EPAC,22.4,,,,,
AWI,22.4,,,,,
APPN,22.4,,,,,
IRBT,22.4,,,,,
CNDT,22.4,,,,,
AMED,22.4,,,,,
MNTV,22.3,,,,,
ICUI,22.3,,,,,
OSPN,22.3,,,,,
LGIH,22.3,,,,,
FELE,22.3,,,,,
CASS,22.3,,,,,
RVLV,22.2,,,,,
UIS,22.2,,,,,
NMIH,22.2,,,,,
AQUA,22.2,,,,,
ASIX,22.2,,,,,
SAIC,22.2,,,,,
CCRN,22.1,,,,,
WTS,22.1,,,,,
ADPT,22.1,,,,,
RXT,22.1,,,,,
EXPI,22.1,,,,,
HIMS,22.1,,,,,
FLWS,22.1,,,,,
BIGC,22.1,,,,,
MELI,22.1,,,,,
MGRC,22.1,,,,,
PLUS,22.1,,,,,
MRK,22,,,,,
NXPI,22,,,,,
LII,22,,,,,
AJG,22,,,,,
DHI,22,,,,,
ALLY,22,,,,,
GIS,22,,,,,
CL,22,,,,,
SATS,22,,,,,
IT,22,,,,,
J,22,,,,,
SLB,22,,,,,
BKNG,22,,,,,
LNT,22,,,,,
AMGN,22,,,,,
GILD,22,,,,,
CERS,22,,,,,
HUM,22,,,,,
SSNC,22,,,,,
Y,22,,,,,
KMB,22,,,,,
MAR,22,,,,,
APH,22,,,,,
IFF,22,,,,,
LNN,22,,,,,
CPSI,22,,,,,
MEG,22,,,,,
BTRS,21.9,,,,,
ATEN,21.9,,,,,
HTLD,21.9,,,,,
MTX,21.8,,,,,
AI,21.8,,,,,
BRT,21.8,,,,,
WSC,21.8,,,,,
BRSP,21.8,,,,,
SPWH,21.7,,,,,
YELP,21.7,,,,,
BLD,21.6,,,,,
LCUT,21.6,,,,,
FICO,21.6,,,,,
TCS,21.6,,,,,
PLTR,21.6,,,,,
CBT,21.6,,,,,
ICFI,21.5,,,,,
EPD,21.5,,,,,
RM,21.5,,,,,
HLX,21.5,,,,,
MRTN,21.4,,,,,
PCTY,21.4,,,,,
ONEW,21.4,,,,,
LYV,21.4,,,,,
ALTO,21.4,,,,,
MAXR,21.4,,,,,
DDOG,21.4,,,,,
OTIS,21.4,,,,,
SUP,21.4,,,,,
FLGT,21.3,,,,,
FRPH,21.3,,,,,
FBRX,21.3,,,,,
EVH,21.3,,,,,
LTHM,21.3,,,,,
CRNC,21.3,,,,,
TRHC,21.3,,,,,
LHCG,21.2,,,,,
JAMF,21.2,,,,,
VIAV,21.2,,,,,
ALGM,21.2,,,,,
VRTV,21.2,,,,,
LOVE,21.2,,,,,
ENR,21.1,,,,,
VSH,21.1,,,,,
SKX,21.1,,,,,
MDB,21.1,,,,,
NRC,21.1,,,,,
ALX,21.1,,,,,
DSKE,21.1,,,,,
AUD,21.1,,,,,
CSV,21.1,,,,,
SBGI,21.1,,,,,
PGR,21,,,,,
CLX,21,,,,,
CSL,21,,,,,
TRV,21,,,,,
YUM,21,,,,,
BRO,21,,,,,
NLSN,21,,,,,
TTC,21,,,,,
AYI,21,,,,,
BK,21,,,,,
DGX,21,,,,,
BIIB,21,,,,,
SEE,21,,,,,
RCL,21,,,,,
RSG,21,,,,,
NVR,21,,,,,
IDXX,21,,,,,
VRSN,21,,,,,
BLK,21,,,,,
CNC,21,,,,,
KR,21,,,,,
DISH,21,,,,,
PHM,21,,,,,
SONO,21,,,,,
PNTG,21,,,,,
ICHR,21,,,,,
ESTC,21,,,,,
OSW,21,,,,,
TRU,21,,,,,
AMKR,21,,,,,
LCID,21,,,,,
PSTL,20.9,,,,,
KAMN,20.9,,,,,
SIEN,20.9,,,,,
EMKR,20.8,,,,,
ZS,20.8,,,,,
NXRT,20.8,,,,,
MPWR,20.8,,,,,
BRKR,20.7,,,,,
DMRC,20.7,,,,,
PHR,20.7,,,,,
SKT,20.6,,,,,
UHT,20.6,,,,,
CBZ,20.6,,,,,
NTCT,20.6,,,,,
HLIT,20.5,,,,,
CMBM,20.5,,,,,
WEX,20.5,,,,,
MODV,20.4,,,,,
WRK,20.4,,,,,
ALTR,20.4,,,,,
BDSX,20.4,,,,,
MYE,20.4,,,,,
PSNL,20.4,,,,,
TPIC,20.4,,,,,
HCKT,20.4,,,,,
CLB,20.4,,,,,
KEX,20.4,,,,,
RCKY,20.3,,,,,
EVTC,20.3,,,,,
MCRI,20.3,,,,,
TISI,20.2,,,,,
ROOT,20.2,,,,,
RETA,20.2,,,,,
ACIW,20.2,,,,,
AMD,20.2,,,,,
SYNH,20.2,,,,,
QLYS,20.1,,,,,
EXPO,20.1,,,,,
ANIK,20.1,,,,,
VRNT,20.1,,,,,
NEM,20,,,,,
VRSK,20,,,,,
AKAM,20,,,,,
UPS,20,,,,,
FDX,20,,,,,
CSX,20,,,,,
WCN,20,,,,,
FDS,20,,,,,
GT,20,,,,,
NCR,20,,,,,
CHD,20,,,,,
ROL,20,,,,,
COO,20,,,,,
MRVL,20,,,,,
IVZ,20,,,,,
CHRW,20,,,,,
SVC,20,,,,,
TXN,20,,,,,
ROK,20,,,,,
ITW,20,,,,,
PRGS,20,,,,,
PRPL,20,,,,,
ACLS,20,,,,,
FWRD,20,,,,,
BGFV,20,,,,,
CAR,20,,,,,
MTG,19.9,,,,,
UFPT,19.9,,,,,
CNXC,19.9,,,,,
PINC,19.9,,,,,
CLAR,19.9,,,,,
BB,19.9,,,,,
PAR,19.8,,,,,
TYL,19.8,,,,,
TWOU,19.8,,,,,
SLGN,19.8,,,,,
CONN,19.7,,,,,
UI,19.7,,,,,
ARLO,19.7,,,,,
FOR,19.7,,,,,
ADTX,19.6,,,,,
PETQ,19.6,,,,,
BIG,19.6,,,,,
MOD,19.6,,,,,
HSTM,19.6,,,,,
HQY,19.6,,,,,
AZTA,19.5,,,,,
FF,19.5,,,,,
HSC,19.4,,,,,
ALGN,19.4,,,,,
TROX,19.4,,,,,
LSTR,19.4,,,,,
LAUR,19.4,,,,,
OSK,19.4,,,,,
TPH,19.4,,,,,
YUMC,19.4,,,,,
UNVR,19.3,,,,,
MATX,19.3,,,,,
MDRX,19.3,,,,,
VECO,19.3,,,,,
SWBI,19.2,,,,,
NEOG,19.2,,,,,
COUP,19.2,,,,,
VNOM,19.2,,,,,
UE,19.2,,,,,
KNX,19.2,,,,,
NTST,19.2,,,,,
GTY,19.1,,,,,
PRI,19.1,,,,,
NHI,19.1,,,,,
ADUS,19.1,,,,,
BXMT,19.1,,,,,
AAN,19.1,,,,,
PDCO,19.1,,,,,
GME,19.1,,,,,
CRTO,19.1,,,,,
ES,19,,,,,
GRMN,19,,,,,
FFIV,19,,,,,
LH,19,,,,,
PTC,19,,,,,
SQ,19,,,,,
ATVI,19,,,,,
AIV,19,,,,,
GLW,19,,,,,
EW,19,,,,,
SEIC,19,,,,,
IQV,19,,,,,
MMC,19,,,,,
CMI,19,,,,,
CBOE,19,,,,,
FTNT,19,,,,,
GPN,19,,,,,
TWTR,19,,,,,
CTAS,19,,,,,
CVLT,19,,,,,
VIVO,19,,,,,
ZM,19,,,,,
PTVE,19,,,,,
MTCH,19,,,,,
MTH,19,,,,,
RMR,19,,,,,
PD,18.9,,,,,
DAKT,18.9,,,,,
CCO,18.9,,,,,
MVIS,18.9,,,,,
TLS,18.9,,,,,
SITE,18.9,,,,,
BNED,18.8,,,,,
CRVL,18.8,,,,,
SNOW,18.8,,,,,
DRVN,18.8,,,,,
SAH,18.8,,,,,
LESL,18.8,,,,,
WST,18.7,,,,,
CRL,18.7,,,,,
MPAA,18.7,,,,,
DOCU,18.7,,,,,
GIII,18.7,,,,,
PRG,18.7,,,,,
MMS,18.6,,,,,
RADI,18.6,,,,,
MRVI,18.6,,,,,
ANDE,18.6,,,,,
UPWK,18.6,,,,,
IDCC,18.6,,,,,
ATRI,18.6,,,,,
U,18.6,,,,,
IRT,18.5,,,,,
SHYF,18.5,,,,,
SAIA,18.5,,,,,
TMHC,18.5,,,,,
FSLR,18.5,,,,,
NXST,18.5,,,,,
SPTN,18.4,,,,,
AVNS,18.4,,,,,
BBGI,18.4,,,,,
VRE,18.4,,,,,
WK,18.4,,,,,
SBSAA,18.4,,,,,
FIVE,18.4,,,,,
SCVL,18.3,,,,,
DBX,18.3,,,,,
UNIT,18.3,,,,,
SWM,18.3,,,,,
WERN,18.3,,,,,
BLKB,18.3,,,,,
NSSC,18.3,,,,,
MLAB,18.3,,,,,
CHCT,18.3,,,,,
HAE,18.3,,,,,
WINA,18.3,,,,,
CHPT,18.2,,,,,
HHC,18.2,,,,,
EYE,18.2,,,,,
CPS,18.1,,,,,
SNDR,18.1,,,,,
STWD,18.1,,,,,
KW,18.1,,,,,
HFFG,18.1,,,,,
NCMI,18.1,,,,,
LITE,18.1,,,,,
CDAY,18.1,,,,,
ROG,18.1,,,,,
MSM,18,,,,,
GLPI,18,,,,,
AXP,18,,,,,
RE,18,,,,,
PKI,18,,,,,
CPRT,18,,,,,
REGN,18,,,,,
VZ,18,,,,,
OMC,18,,,,,
LVS,18,,,,,
KAR,18,,,,,
UNH,18,,,,,
WTW,18,,,,,
ZTS,18,,,,,
OHI,18,,,,,
WY,18,,,,,
DEI,18,,,,,
FISV,18,,,,,
URI,18,,,,,
HLT,18,,,,,
SON,18,,,,,
FLT,18,,,,,
FIS,18,,,,,
ETN,18,,,,,
SPLK,18,,,,,
RS,18,,,,,
BEN,18,,,,,
BBBY,18,,,,,
WBA,18,,,,,
PAYX,18,,,,,
GCO,18,,,,,
URBN,18,,,,,
NEWR,18,,,,,
OLLI,18,,,,,
EXTR,18,,,,,
CHEF,18,,,,,
LFUS,18,,,,,
BNL,18,,,,,
SCHN,18,,,,,
EEX,18,,,,,
SLP,18,,,,,
COHR,18,,,,,
AGCO,18,,,,,
MSA,17.9,,,,,
BKI,17.9,,,,,
MPW,17.9,,,,,
DEA,17.8,,,,,
OKTA,17.8,,,,,
MANH,17.8,,,,,
AMC,17.8,,,,,
SKLZ,17.8,,,,,
PAYC,17.7,,,,,
TW,17.7,,,,,
NRUC,17.7,,,,,
SLAB,17.7,,,,,
GWRE,17.7,,,,,
FCN,17.7,,,,,
FOXF,17.7,,,,,
OMI,17.7,,,,,
ASO,17.7,,,,,
ACEL,17.6,,,,,
OSUR,17.6,,,,,
KN,17.6,,,,,
STRA,17.6,,,,,
POSH,17.6,,,,,
VVV,17.5,,,,,
CATO,17.5,,,,,
ARCB,17.5,,,,,
TTEK,17.5,,,,,
INVH,17.5,,,,,
AEIS,17.5,,,,,
SUMO,17.5,,,,,
PCH,17.5,,,,,
WWW,17.5,,,,,
WMG,17.4,,,,,
ODFL,17.4,,,,,
FUBO,17.4,,,,,
PFGC,17.4,,,,,
TDC,17.4,,,,,
EXLS,17.4,,,,,
WW,17.3,,,,,
RHP,17.3,,,,,
WSR,17.3,,,,,
DORM,17.3,,,,,
MSGS,17.3,,,,,
AMN,17.3,,,,,
AVID,17.3,,,,,
PRTY,17.3,,,,,
SFIX,17.3,,,,,
VRA,17.3,,,,,
FCPT,17.2,,,,,
SBH,17.2,,,,,
LTC,17.2,,,,,
HEAR,17.2,,,,,
LADR,17.2,,,,,
RFP,17.2,,,,,
KLIC,17.2,,,,,
ESCA,17.2,,,,,
IAA,17.2,,,,,
RCII,17.1,,,,,
SMP,17.1,,,,,
LAMR,17,,,,,
EBAY,17,,,,,
JNPR,17,,,,,
SCI,17,,,,,
QCOM,17,,,,,
PFG,17,,,,,
OTEX,17,,,,,
LNC,17,,,,,
NKE,17,,,,,
KLAC,17,,,,,
DG,17,,,,,
MU,17,,,,,
AAPL,17,,,,,
TROW,17,,,,,
MA,17,,,,,
WAT,17,,,,,
DE,17,,,,,
INTC,17,,,,,
CP,17,,,,,
AFL,17,,,,,
SIRI,17,,,,,
M,17,,,,,
ALV,17,,,,,
PKG,17,,,,,
WM,17,,,,,
SBRA,17,,,,,
HZO,17,,,,,
CTRN,17,,,,,
XRX,17,,,,,
KIRK,17,,,,,
SMTC,17,,,,,
BFAM,17,,,,,
RWT,17,,,,,
EHTH,16.9,,,,,
NNN,16.9,,,,,
CARR,16.9,,,,,
TLYS,16.9,,,,,
FSP,16.8,,,,,
ODP,16.8,,,,,
NMRK,16.8,,,,,
CACI,16.8,,,,,
GES,16.7,,,,,
CABO,16.7,,,,,
EVC,16.7,,,,,
BOOT,16.7,,,,,
JHG,16.6,,,,,
VEEV,16.6,,,,,
DJCO,16.6,,,,,
VPG,16.6,,,,,
APLE,16.6,,,,,
AOUT,16.6,,,,,
ADNT,16.5,,,,,
CROX,16.5,,,,,
SGC,16.5,,,,,
UNFI,16.4,,,,,
GPK,16.4,,,,,
PLBY,16.4,,,,,
ORA,16.4,,,,,
NXGN,16.4,,,,,
UTMD,16.4,,,,,
ORC,16.4,,,,,
AGS,16.4,,,,,
NLS,16.4,,,,,
ZD,16.4,,,,,
SUI,16.4,,,,,
ILPT,16.3,,,,,
XM,16.3,,,,,
MSGE,16.3,,,,,
HIBB,16.3,,,,,
RGS,16.2,,,,,
MEDP,16.2,,,,,
HUBS,16.2,,,,,
BCYC,16.2,,,,,
DBI,16.2,,,,,
BURL,16.2,,,,,
XHR,16.2,,,,,
AIRC,16.1,,,,,
MKTX,16.1,,,,,
FND,16.1,,,,,
BSET,16.1,,,,,
VSTO,16.1,,,,,
AAT,16.1,,,,,
BSY,16.1,,,,,
MBUU,16.1,,,,,
AXL,16.1,,,,,
ZUMZ,16.1,,,,,
ARI,16.1,,,,,
TEL,16,,,,,
JWN,16,,,,,
LULU,16,,,,,
NOW,16,,,,,
PVH,16,,,,,
V,16,,,,,
INTU,16,,,,,
EXPD,16,,,,,
ADSK,16,,,,,
PYPL,16,,,,,
BR,16,,,,,
XRAY,16,,,,,
CPT,16,,,,,
ROST,16,,,,,
ICE,16,,,,,
TER,16,,,,,
DELL,16,,,,,
WHR,16,,,,,
XYL,16,,,,,
BAH,16,,,,,
DXC,16,,,,,
TT,16,,,,,
WPC,16,,,,,
NFLX,16,,,,,
CPRI,16,,,,,
BBWI,16,,,,,
HOG,16,,,,,
DKS,16,,,,,
PEP,16,,,,,
L,16,,,,,
NTAP,16,,,,,
ANET,16,,,,,
CRUS,16,,,,,
RGEN,16,,,,,
PRDO,16,,,,,
GCI,15.9,,,,,
INFN,15.9,,,,,
INDT,15.9,,,,,
OMCL,15.9,,,,,
HELE,15.8,,,,,
DOC,15.8,,,,,
FR,15.8,,,,,
BKE,15.8,,,,,
AON,15.8,,,,,
R,15.8,,,,,
FARO,15.8,,,,,
PTON,15.7,,,,,
COLD,15.7,,,,,
KRG,15.7,,,,,
UFI,15.7,,,,,
AZEK,15.7,,,,,
SSP,15.7,,,,,
LASR,15.6,,,,,
CNK,15.5,,,,,
FNKO,15.5,,,,,
BBW,15.5,,,,,
ROIC,15.5,,,,,
VICI,15.4,,,,,
SWCH,15.3,,,,,
VNT,15.3,,,,,
CNXN,15.2,,,,,
ANF,15.2,,,,,
GNUS,15.2,,,,,
OXM,15.2,,,,,
WWE,15.1,,,,,
CTRE,15.1,,,,,
VMW,15,,,,,
ULTA,15,,,,,
IRM,15,,,,,
TGT,15,,,,,
SIG,15,,,,,
AVY,15,,,,,
IPG,15,,,,,
GPS,15,,,,,
OC,15,,,,,
GWW,15,,,,,
MAT,15,,,,,
MSFT,15,,,,,
HBI,15,,,,,
IBM,15,,,,,
DLTR,15,,,,,
JCI,15,,,,,
CME,15,,,,,
DIS,15,,,,,
COMM,15,,,,,
ARE,15,,,,,
MCK,15,,,,,
NLOK,15,,,,,
CTXS,15,,,,,
A,15,,,,,
JKHY,15,,,,,
AKR,15,,,,,
JOUT,15,,,,,
LEVI,15,,,,,
BERY,15,,,,,
ABM,15,,,,,
ACRE,14.9,,,,,
VOXX,14.9,,,,,
AMAL,14.8,,,,,
IMAX,14.8,,,,,
SCHL,14.8,,,,,
TPX,14.8,,,,,
SHOO,14.7,,,,,
KTB,14.7,,,,,
KBH,14.6,,,,,
LRN,14.5,,,,,
FLXS,14.4,,,,,
OSIS,14.4,,,,,
LOPE,14.4,,,,,
CUZ,14.3,,,,,
VRM,14.3,,,,,
OMF,14.2,,,,,
RDN,14.2,,,,,
TRNO,14.1,,,,,
JBGS,14.1,,,,,
ORCL,14,,,,,
FL,14,,,,,
JBHT,14,,,,,
O,14,,,,,
TMO,14,,,,,
BBY,14,,,,,
MHK,14,,,,,
LEG,14,,,,,
LRCX,14,,,,,
ADP,14,,,,,
TJX,14,,,,,
TGNA,14,,,,,
TPR,14,,,,,
MSI,14,,,,,
EXR,14,,,,,
NWL,14,,,,,
SPGI,14,,,,,
CTSH,14,,,,,
WU,14,,,,,
PANW,14,,,,,
HST,14,,,,,
TSCO,14,,,,,
TTWO,14,,,,,
RDFN,14,,,,,
APEI,13.9,,,,,
MCFT,13.9,,,,,
LZB,13.9,,,,,
THRM,13.8,,,,,
MOV,13.8,,,,,
ASGN,13.8,,,,,
LSI,13.7,,,,,
OFC,13.7,,,,,
OI,13.7,,,,,
ATR,13.6,,,,,
GHC,13.6,,,,,
TNET,13.6,,,,,
REZI,13.5,,,,,
HOFT,13.5,,,,,
STAG,13.5,,,,,
HRB,13.5,,,,,
ABG,13.5,,,,,
ETD,13.5,,,,,
CMLS,13.5,,,,,
GPI,13.4,,,,,
CRI,13.4,,,,,
SAFE,13.3,,,,,
NOVT,13.3,,,,,
HIW,13.3,,,,,
AEO,13.2,,,,,
THRY,13.2,,,,,
COLM,13.2,,,,,
CVNA,13.1,,,,,
NVDA,13,,,,,
AAP,13,,,,,
ESS,13,,,,,
LEA,13,,,,,
CCI,13,,,,,
DRE,13,,,,,
KSS,13,,,,,
HSIC,13,,,,,
ANSS,13,,,,,
CRM,13,,,,,
LKQ,13,,,,,
HD,13,,,,,
BWA,13,,,,,
VFC,13,,,,,
VTR,13,,,,,
TRMB,13,,,,,
RL,13,,,,,
ORLY,13,,,,,
MTD,13,,,,,
GPC,13,,,,,
WDAY,13,,,,,
SNPS,13,,,,,
MUSA,13,,,,,
PKE,13,,,,,
MPX,13,,,,,
HQI,13,,,,,
DECK,13,,,,,
SNBR,12.9,,,,,
CRMT,12.8,,,,,
POOL,12.8,,,,,
PLCE,12.8,,,,,
PDM,12.7,,,,,
CHS,12.7,,,,,
BBSI,12.7,,,,,
TUP,12.6,,,,,
USFD,12.6,,,,,
IVT,12.5,,,,,
HSII,12.5,,,,,
NL,12.5,,,,,
CGNX,12.5,,,,,
LAD,12.4,,,,,
PAG,12.3,,,,,
FTDR,12.3,,,,,
NYT,12.3,,,,,
HASI,12.3,,,,,
ZBRA,12.3,,,,,
FN,12.2,,,,,
AGYS,12.1,,,,,
BHLB,12.1,,,,,
CAH,12,,,,,
ABC,12,,,,,
IPGP,12,,,,,
EQIX,12,,,,,
CDNS,12,,,,,
HPE,12,,,,,
KMX,12,,,,,
ADBE,12,,,,,
MSCI,12,,,,,
MAC,12,,,,,
AMAT,12,,,,,
NDAQ,12,,,,,
CSCO,12,,,,,
SBAC,12,,,,,
BXP,12,,,,,
SYY,12,,,,,
UDR,12,,,,,
LDOS,12,,,,,
ST,12,,,,,
WELL,12,,,,,
CI,12,,,,,
BRX,12,,,,,
WSM,12,,,,,
STAA,12,,,,,
YETI,12,,,,,
RMAX,12,,,,,
MEI,11.8,,,,,
MNRO,11.8,,,,,
ATGE,11.8,,,,,
NSIT,11.7,,,,,
KRC,11.7,,,,,
ITRI,11.6,,,,,
ESRT,11.5,,,,,
SANM,11.5,,,,,
EGP,11.5,,,,,
SNX,11.5,,,,,
CTS,11.2,,,,,
GOLF,11.2,,,,,
MKSI,11.2,,,,,
CNNE,11.1,,,,,
HPQ,11,,,,,
LOW,11,,,,,
WDC,11,,,,,
REG,11,,,,,
STX,11,,,,,
PII,11,,,,,
EQR,11,,,,,
MCO,11,,,,,
AZO,11,,,,,
AMT,11,,,,,
AVB,11,,,,,
ILMN,11,,,,,
APD,11,,,,,
NSP,11,,,,,
CIX,11,,,,,
JBL,10.9,,,,,
BMI,10.9,,,,,
OPEN,10.9,,,,,
PGRE,10.8,,,,,
CHGG,10.7,,,,,
BDN,10.7,,,,,
RYN,10.7,,,,,
KFRC,10.7,,,,,
MMI,10.7,,,,,
TPL,10.5,,,,,
SCSC,10.1,,,,,
MAN,10,,,,,
EA,10,,,,,
AVT,10,,,,,
ACN,10,,,,,
PEAK,10,,,,,
ARW,10,,,,,
CCK,10,,,,,
KFY,9.6,,,,,
PLXS,9.5,,,,,
LVO,9.1,,,,,
RGLD,9.1,,,,,
HAS,9,,,,,
CDW,9,,,,,
RHI,9,,,,,
KEYS,9,,,,,
HNI,9,,,,,
TBI,9,,,,,
MLKN,8.7,,,,,
CMPR,8.5,,,,,
LIN,8.2,,,,,
EBF,8.2,,,,,
TTMI,8,,,,,
ACCO,7.9,,,,,
OLED,7.6,,,,,
KBAL,7.1,,,,,
JLL,7,,,,,
CBRE,7,,,,,
TILE,6.8,,,,,
DLX,6.7,,,,,
FLEX,6,,,,,
BRC,5,,,,,
SCS,4.4,,,,,
CYCA,,,,,,
EMYB,,,,,,
NOVA,,,,,,
OZSC,,,,,,
IMUN,,,,,,
CYXT,,,,,,
AMS,,,,,,
URG,,,,,,
PBIO,,,,,,
MRMD,,,,,,
RNGR,,,,,,
CEMI,,,,,,
GRHI,,,,,,
DYAI,,,,,,
ESOA,,,,,,
VYND,,,,,,
NWCN,,,,,,
FDCT,,,,,,
CBFV,,,,,,
PME,,,,,,
RUN,,,,,,
NCPL,,,,,,
WLYW,,,,,,
FRFR,,,,,,
RDGA,,,,,,
ASYS,,,,,,
HSTO,,,,,,
WHEN,,,,,,
GROW,,,,,,
LFER,,,,,,
MED,,,,,,
QDMI,,,,,,
TSE,,,,,,
IPTK,,,,,,
BDR,,,,,,
CNNA,,,,,,
TCRI,,,,,,
FORM,,,,,,
ESTA,,,,,,
PVCT,,,,,,
SCKT,,,,,,
CLTS,,,,,,
CASI,,,,,,
NET,,,,,,
WAYS,,,,,,
GCAN,,,,,,
BTTR,,,,,,
USIO,,,,,,
GRNQ,,,,,,
PULM,,,,,,
SEB,,,,,,
ZEST,,,,,,
NTIP,,,,,,
CCTC,,,,,,
WSFT,,,,,,
RAHGF,,,,,,
TXCB,,,,,,
CENBF,,,,,,
HBIA,,,,,,
NHLE,,,,,,
DENR,,,,,,
QWTR,,,,,,
OPBK,,,,,,
ABML,,,,,,
VRUS,,,,,,
ARNA,,,,,,
CFRX,,,,,,
PUGE,,,,,,
PI,,,,,,
APTS,,,,,,
SLS,,,,,,
AUGG,,,,,,
ASTC,,,,,,
ELYS,,,,,,
RWLK,,,,,,
OTLC,,,,,,
GBCS,,,,,,
NIOBF,,,,,,
PING,,,,,,
CCOB,,,,,,
CMTV,,,,,,
CPIX,,,,,,
BY,,,,,,
RAIL,,,,,,
RVP,,,,,,
SPIN,,,,,,
GHSI,,,,,,
RELL,,,,,,
GNBT,,,,,,
ATCC,,,,,,
LINK,,,,,,
ALT,,,,,,
SPUP,,,,,,
MOST,,,,,,
PCNT,,,,,,
AVEO,,,,,,
FPAY,,,,,,
BLPG,,,,,,
DROP,,,,,,
CXDO,,,,,,
ISR,,,,,,
ECOR,,,,,,
EPM,,,,,,
EPGG,,,,,,
AXIM,,,,,,
ELS,,,,,,
AURI,,,,,,
PFHO,,,,,,
GEOS,,,,,,
FRD,,,,,,
ARGQ,,,,,,
VIRI,,,,,,
INVU,,,,,,
TGHI,,,,,,
PUBC,,,,,,
PMPG,,,,,,
IVFH,,,,,,
EDUC,,,,,,
FKWL,,,,,,
MGOM,,,,,,
COFS,,,,,,
SVT,,,,,,
GDNSF,,,,,,
BHE,,,,,,
CCEL,,,,,,
GJCU,,,,,,
ISDR,,,,,,
BDRY,,,,,,
LMST,,,,,,
LOGI,,,,,,
GRAY,,,,,,
FONR,,,,,,
VTNA,,,,,,
VNJA,,,,,,
GLG,,,,,,
PSIX,,,,,,
MP,,,,,,
GDSI,,,,,,
TGRO,,,,,,
PMD,,,,,,
OMWS,,,,,,
FMAO,,,,,,
NPTN,,,,,,
VVOS,,,,,,
VEII,,,,,,
FDOC,,,,,,
HSON,,,,,,
STMH,,,,,,
EQUR,,,,,,
BCLI,,,,,,
HGLD,,,,,,
LVVV,,,,,,
EPSN,,,,,,
PPIH,,,,,,
VYNE,,,,,,
SGLY,,,,,,
SODI,,,,,,
SNNC,,,,,,
JAGX,,,,,,
PALL,,,,,,
PBPB,,,,,,
CGLO,,,,,,
BTZI,,,,,,
BWFG,,,,,,
TLCC,,,,,,
ITOX,,,,,,
DLOC,,,,,,
ALYE,,,,,,
KNTK,,,,,,
SAML,,,,,,
JRSS,,,,,,
WVFC,,,,,,
ALIM,,,,,,
PZG,,,,,,
CVLY,,,,,,
BTN,,,,,,
GLUC,,,,,,
DYSL,,,,,,
NCRA,,,,,,
AGFS,,,,,,
QBIO,,,,,,
TDNT,,,,,,
ABEO,,,,,,
CDIX,,,,,,
TSSI,,,,,,
INPX,,,,,,
ATRX,,,,,,
FARM,,,,,,
PMTS,,,,,,
LQMT,,,,,,
OVID,,,,,,
VNCE,,,,,,
KBRS,,,,,,
SINT,,,,,,
PRSO,,,,,,
ATAO,,,,,,
BIMI,,,,,,
NVFY,,,,,,
CRCW,,,,,,
GTVI,,,,,,
DNAX,,,,,,
IVAC,,,,,,
PTAM,,,,,,
PLSI,,,,,,
SRAX,,,,,,
DYNT,,,,,,
CWBR,,,,,,
CYBF,,,,,,
CNCE,,,,,,
YAYO,,,,,,
ID,,,,,,
JSDA,,,,,,
YUMAQ,,,,,,
FNGR,,,,,,
CYRN,,,,,,
BIVI,,,,,,
ARKR,,,,,,
RBNW,,,,,,
USL,,,,,,
TXHG,,,,,,
ABTX,,,,,,
HITC,,,,,,
NDVN,,,,,,
ODTC,,,,,,
MAXD,,,,,,
CSWC,,,,,,
NC,,,,,,
MNIZ,,,,,,
FFNTF,,,,,,
LYTS,,,,,,
AVLR,,,,,,
GMEV,,,,,,
CWGL,,,,,,
FSTJ,,,,,,
MMNT,,,,,,
PSSR,,,,,,
AEI,,,,,,
KRBP,,,,,,
WLMS,,,,,,
SOWG,,,,,,
NEIK,,,,,,
PZOO,,,,,,
CXDC,,,,,,
DPWW,,,,,,
PCYN,,,,,,
ZUUS,,,,,,
CRTX,,,,,,
GFOO,,,,,,
SIVR,,,,,,
ACER,,,,,,
DXR,,,,,,
AWX,,,,,,
ADAD,,,,,,
MANT,,,,,,
PFIE,,,,,,
EMED,,,,,,
GRMC,,,,,,
USDR,,,,,,
FCCN,,,,,,
FVTI,,,,,,
ASRV,,,,,,
BKSC,,,,,,
MCHX,,,,,,
ICNB,,,,,,
MLYF,,,,,,
GMTX,,,,,,
DGWR,,,,,,
IPDN,,,,,,
QUAD,,,,,,
CULP,,,,,,
GHLD,,,,,,
STSC,,,,,,
SMIT,,,,,,
POLA,,,,,,
MAGE,,,,,,
EZOO,,,,,,
TKAT,,,,,,
USAU,,,,,,
FXF,,,,,,
BLMS,,,,,,
ETHE,,,,,,
DQWS,,,,,,
RDGL,,,,,,
ALRT,,,,,,
EAST,,,,,,
INBP,,,,,,
ADMG,,,,,,
PGOL,,,,,,
PDSB,,,,,,
LARK,,,,,,
EML,,,,,,
SVBL,,,,,,
LDSN,,,,,,
LOV,,,,,,
SFE,,,,,,
ELSE,,,,,,
IFMK,,,,,,
MTEX,,,,,,
LIFE,,,,,,
ETON,,,,,,
CFFI,,,,,,
BLSA,,,,,,
LTBR,,,,,,
MNVN,,,,,,
IKT,,,,,,
ANTM,,,,,,
PFBX,,,,,,
JFIL,,,,,,
CLOK,,,,,,
SNWV,,,,,,
FRZT,,,,,,
DBA,,,,,,
LXAM,,,,,,
THMG,,,,,,
ALCO,,,,,,
RH,,,,,,
HYBT,,,,,,
GGROU,,,,,,
WCUI,,,,,,
TBNK,,,,,,
EXTN,,,,,,
TCDA,,,,,,
TSBK,,,,,,
GAN,,,,,,
CNFN,,,,,,
SPGX,,,,,,
FKST,,,,,,
RLBY,,,,,,
SNDA,,,,,,
AGE,,,,,,
ASMB,,,,,,
VFF,,,,,,
DLPN,,,,,,
MOTS,,,,,,
UNTY,,,,,,
CLIS,,,,,,
SNMP,,,,,,
ONCS,,,,,,
BRFH,,,,,,
UBIA,,,,,,
REED,,,,,,
PHAS,,,,,,
NXTP,,,,,,
RIVX,,,,,,
CGSI,,,,,,
SALM,,,,,,
ARGC,,,,,,
XERS,,,,,,
NTIC,,,,,,
BITW,,,,,,
ELA,,,,,,
CSBR,,,,,,
YMTX,,,,,,
GFMH,,,,,,
LSMG,,,,,,
HWBK,,,,,,
KNIT,,,,,,
BHLL,,,,,,
ABCP,,,,,,
ISUN,,,,,,
UOLI,,,,,,
AMRN,,,,,,
DIAH,,,,,,
CMT,,,,,,
CVT,,,,,,
AHFD,,,,,,
MINM,,,,,,
DLYT,,,,,,
DTII,,,,,,
BNO,,,,,,
NNVC,,,,,,
AIRI,,,,,,
PAYD,,,,,,
VPLM,,,,,,
VSPC,,,,,,
TFFP,,,,,,
USAK,,,,,,
JRVS,,,,,,
CVEO,,,,,,
FNAM,,,,,,
SNYR,,,,,,
FSRL,,,,,,
PHIO,,,,,,
CYDY,,,,,,
ELTP,,,,,,
APEN,,,,,,
CUII,,,,,,
GBLI,,,,,,
MNDT,,,,,,
NINK,,,,,,
COOP,,,,,,
PROV,,,,,,
NBY,,,,,,
DIGP,,,,,,
VRDN,,,,,,
THCC,,,,,,
FEIM,,,,,,
STAL,,,,,,
GSRX,,,,,,
RGUS,,,,,,
FBIZ,,,,,,
TUEM,,,,,,
MMTRS,,,,,,
EPZM,,,,,,
OSS,,,,,,
BIIO,,,,,,
RBSH,,,,,,
COHN,,,,,,
PMCB,,,,,,
HSDT,,,,,,
CODX,,,,,,
XTGRF,,,,,,
TMQ,,,,,,
DGLY,,,,,,
ALNA,,,,,,
NUKK,,,,,,
TGLO,,,,,,
HGBL,,,,,,
BOMH,,,,,,
KSPN,,,,,,
ISSC,,,,,,
CCNC,,,,,,
OPHC,,,,,,
ACCA,,,,,,
FVAM,,,,,,
MDXL,,,,,,
BCII,,,,,,
EFSH,,,,,,
PFIN,,,,,,
CRKR,,,,,,
HSTI,,,,,,
FFLO,,,,,,
MCVT,,,,,,
INM,,,,,,
SBOW,,,,,,
TECTP,,,,,,
INIS,,,,,,
CBAN,,,,,,
NSAV,,,,,,
RGRX,,,,,,
LRDG,,,,,,
TOMDF,,,,,,
GRSO,,,,,,
MIGI,,,,,,
BLYQ,,,,,,
WECT,,,,,,
XNDA,,,,,,
GBTC,,,,,,
BIXT,,,,,,
ATVK,,,,,,
IPWR,,,,,,
CABA,,,,,,
PPSI,,,,,,
ABCE,,,,,,
ZUO,,,,,,
LAAB,,,,,,
GPFT,,,,,,
IONI,,,,,,
SNTW,,,,,,
VASO,,,,,,
EMAN,,,,,,
RBKB,,,,,,
ASFT,,,,,,
MRBK,,,,,,
PPHI,,,,,,
PSTG,,,,,,
WWR,,,,,,
OMTK,,,,,,
CCCS,,,,,,
CONC,,,,,,
NUZE,,,,,,
ONDS,,,,,,
MFON,,,,,,
AATC,,,,,,
AGGG,,,,,,
CERN,,,,,,
BLGO,,,,,,
CRVS,,,,,,
PBSV,,,,,,
CNCN,,,,,,
MXC,,,,,,
SUMR,,,,,,
WNEB,,,,,,
JOB,,,,,,
RLGY,,,,,,
RSLS,,,,,,
AAAU,,,,,,
TCON,,,,,,
BBLS,,,,,,
IOR,,,,,,
AIM,,,,,,
RGCO,,,,,,
CANN,,,,,,
FSTX,,,,,,
HMTV,,,,,,
ICD,,,,,,
PWCO,,,,,,
APT,,,,,,
GCP,,,,,,
MNGG,,,,,,
AFOM,,,,,,
BSGM,,,,,,
LBTD,,,,,,
DMAC,,,,,,
KSSH,,,,,,
PTOI,,,,,,
ENSV,,,,,,
SELF,,,,,,
GHMP,,,,,,
AEMD,,,,,,
EVK,,,,,,
AZYO,,,,,,
NNUP,,,,,,
NVGT,,,,,,
HVBC,,,,,,
DTLA-P,,,,,,
RMED,,,,,,
ATNM,,,,,,
MN,,,,,,
XCUR,,,,,,
PGTK,,,,,,
WTT,,,,,,
AIMD,,,,,,
GXXM,,,,,,
ODII,,,,,,
ANVS,,,,,,
ACC,,,,,,
SMGI,,,,,,
QRON,,,,,,
MRAM,,,,,,
IRIX,,,,,,
LIQT,,,,,,
SEAV,,,,,,
TKOI,,,,,,
KDCE,,,,,,
KALO,,,,,,
AUTO,,,,,,
PBIP,,,,,,
RVLP,,,,,,
UCLE,,,,,,
UBFO,,,,,,
MJHI,,,,,,
BOTH,,,,,,
PCTL,,,,,,
MRZM,,,,,,
CMPI,,,,,,
SIGN,,,,,,
SAMG,,,,,,
GSIT,,,,,,
IWAL,,,,,,
TREC,,,,,,
TNRG,,,,,,
VIHD,,,,,,
INLX,,,,,,
MTNB,,,,,,
TSOI,,,,,,
MCOA,,,,,,
DLHC,,,,,,
ECIA,,,,,,
BUUZ,,,,,,
ITDN,,,,,,
BLAB,,,,,,
OWCP,,,,,,
DBS,,,,,,
SEAC,,,,,,
GIFI,,,,,,
VIVC,,,,,,
FXA,,,,,,
RTON,,,,,,
ASKH,,,,,,
QUMU,,,,,,
CNR,,,,,,
CRAWA,,,,,,
CRYO,,,,,,
CODA,,,,,,
IWSH,,,,,,
CTHR,,,,,,
MAPT,,,,,,
FRAF,,,,,,
SDPI,,,,,,
GKIT,,,,,,
KWBT,,,,,,
LGMK,,,,,,
TJBH,,,,,,
IRNS,,,,,,
FSI,,,,,,
CHMG,,,,,,
RGLS,,,,,,
OTTV,,,,,,
FCAP,,,,,,
SIEB,,,,,,
GHM,,,,,,
IMAHF,,,,,,
PLFX,,,,,,
SGMA,,,,,,
FNWD,,,,,,
TLRS,,,,,,
PFHD,,,,,,
CALB,,,,,,
HDVY,,,,,,
TPIA,,,,,,
HYEX,,,,,,
QURT,,,,,,
IRCC,,,,,,
INTG,,,,,,
AIKI,,,,,,
BICX,,,,,,
GTHP,,,,,,
CCMP,,,,,,
BENH,,,,,,
SKKY,,,,,,
ASTI,,,,,,
SITOQ,,,,,,
YUMM,,,,,,
DSNY,,,,,,
LEAI,,,,,,
AXLA,,,,,,
LUB,,,,,,
MTCR,,,,,,
ZSAN,,,,,,
BKGM,,,,,,
VXIT,,,,,,
MDEX,,,,,,
ISBA,,,,,,
GDLC,,,,,,
CTT,,,,,,
AWON,,,,,,
CHGI,,,,,,
KLDI,,,,,,
GYST,,,,,,
TOGL,,,,,,
PRPO,,,,,,
IDN,,,,,,
BRST,,,,,,
NAUT,,,,,,
GNRV,,,,,,
USBL,,,,,,
BONZ,,,,,,
APTX,,,,,,
ONVO,,,,,,
PIRS,,,,,,
VTVT,,,,,,
PLAG,,,,,,
ITHUF,,,,,,
KFFB,,,,,,
MJNE,,,,,,
HFUS,,,,,,
ARRT,,,,,,
CDXI,,,,,,
LPTV,,,,,,
CBKM,,,,,,
ATXI,,,,,,
ELY,,,,,,
GMGI,,,,,,
QSMG,,,,,,
MRIN,,,,,,
GSFI,,,,,,
VIRC,,,,,,
CLEV,,,,,,
DCAC,,,,,,
CRDV,,,,,,
ZYJT,,,,,,
LFVN,,,,,,
IPIX,,,,,,
ECOX,,,,,,
MYMX,,,,,,
NXTC,,,,,,
GSTX,,,,,,
HENC,,,,,,
RDAR,,,,,,
ICCT,,,,,,
KTCC,,,,,,
AASP,,,,,,
NIHK,,,,,,
FLCX,,,,,,
AVMR,,,,,,
BSSP,,,,,,
LOGC,,,,,,
ORGS,,,,,,
CAAS,,,,,,
GSKY,,,,,,
ADMT,,,,,,
SHMP,,,,,,
OTTW,,,,,,
MMMM,,,,,,
RTTO,,,,,,
SGBI,,,,,,
OCC,,,,,,
TPTX,,,,,,
SOFO,,,,,,
ETCK,,,,,,
UFAB,,,,,,
UNIR,,,,,,
HPMM,,,,,,
SMED,,,,,,
WHLT,,,,,,
FGCO,,,,,,
QSEP,,,,,,
CLCN,,,,,,
PRCX,,,,,,
AFBI,,,,,,
ACMC,,,,,,
SSY,,,,,,
AGHC,,,,,,
GOED,,,,,,
HIGR,,,,,,
BCRD,,,,,,
ADMA,,,,,,
RSSS,,,,,,
SIGO,,,,,,
ANSU,,,,,,
SOTK,,,,,,
TPHS,,,,,,
EOSS,,,,,,
QPRC,,,,,,
WRAP,,,,,,
ELMD,,,,,,
EXNN,,,,,,
KNDI,,,,,,
PFS,,,,,,
MHPC,,,,,,
NGS,,,,,,
SUNL,,,,,,
WOLV,,,,,,
UNEQ,,,,,,
BDL,,,,,,
EACO,,,,,,
DLTI,,,,,,
TMRC,,,,,,
ARAV,,,,,,
BNKL,,,,,,
GALT,,,,,,
VRVR,,,,,,
HMN,,,,,,
OPXS,,,,,,
STON,,,,,,
RVIV,,,,,,
UNG,,,,,,
AGFY,,,,,,
MBII,,,,,,
OGEN,,,,,,
PMHG,,,,,,
CLUBQ,,,,,,
MGHL,,,,,,
PTPI,,,,,,
SNGX,,,,,,
FRHC,,,,,,
LLNW,,,,,,
GPLB,,,,,,
ESSA,,,,,,
SRRE,,,,,,
FUST,,,,,,
REAC,,,,,,
NBIO,,,,,,
CDJM,,,,,,
TRXO,,,,,,
PXLW,,,,,,
LOAN,,,,,,
SIOX,,,,,,
ADGO,,,,,,
LJPC,,,,,,
NLBS,,,,,,
ARL,,,,,,
GLTO,,,,,,
HWIN,,,,,,
NCSM,,,,,,
ATMS,,,,,,
FDBL,,,,,,
SONM,,,,,,
BKUH,,,,,,
NP,,,,,,
UAN,,,,,,
LGYV,,,,,,
CSUI,,,,,,
IVDN,,,,,,
USEG,,,,,,
NNAX,,,,,,
SWGI,,,,,,
AOXY,,,,,,
EVFM,,,,,,
RIVU,,,,,,
LKAI,,,,,,
RMO,,,,,,
ASCK,,,,,,
UGHB,,,,,,
ELRE,,,,,,
PURT,,,,,,
SYNL,,,,,,
CTGO,,,,,,
SGOL,,,,,,
ECOM,,,,,,
BSBK,,,,,,
WAVD,,,,,,
XSNX,,,,,,
NUVR,,,,,,
SHWZ,,,,,,
NWBO,,,,,,
FET,,,,,,
VNRX,,,,,,
GCEH,,,,,,
PXPP,,,,,,
FNRN,,,,,,
BIOC,,,,,,
ALR,,,,,,
FLXT,,,,,,
ZPAS,,,,,,
SKYE,,,,,,
IHT,,,,,,
AINC,,,,,,
NANX,,,,,,
NBRV,,,,,,
SUM,,,,,,
PACV,,,,,,
OTIC,,,,,,
OOGI,,,,,,
PVNC,,,,,,
QBAK,,,,,,
BTIM,,,,,,
SYPR,,,,,,
HCMC,,,,,,
RMSL,,,,,,
AREN,,,,,,
NHMD,,,,,,
AUMN,,,,,,
LYRA,,,,,,
ETCG,,,,,,
OSG,,,,,,
SNPW,,,,,,
AUSI,,,,,,
VERO,,,,,,
MUSS,,,,,,
EFSI,,,,,,
AMCT,,,,,,
VYGR,,,,,,
VBIX,,,,,,
AYRO,,,,,,
LTES,,,,,,
LTGJ,,,,,,
FFNW,,,,,,
CKX,,,,,,
BAR,,,,,,
TACT,,,,,,
HURC,,,,,,
IDRA,,,,,,
TREN,,,,,,
MSYN,,,,,,
ODYY,,,,,,
QHYG,,,,,,
WEYS,,,,,,
TMBR,,,,,,
SBFG,,,,,,
UBCP,,,,,,
SCPS,,,,,,
IEHC,,,,,,
SING,,,,,,
ARAO,,,,,,
YRIV,,,,,,
AVA,,,,,,
SFDL,,,,,,
SMPR,,,,,,
BOXS,,,,,,
AIVI,,,,,,
NBSE,,,,,,
KGJI,,,,,,
PTN,,,,,,
VTNR,,,,,,
CGRN,,,,,,
FERL,,,,,,
BWVI,,,,,,
PGAI,,,,,,
SYSX,,,,,,
DGL,,,,,,
JCTCF,,,,,,
AHNR,,,,,,
VKIN,,,,,,
XL,,,,,,
TOMZ,,,,,,
LWLG,,,,,,
DREM,,,,,,
DUSYF,,,,,,
GNCA,,,,,,
BXRX,,,,,,
NVIV,,,,,,
LUVU,,,,,,
BRLL,,,,,,
MIST,,,,,,
FXY,,,,,,
TNLX,,,,,,
WHG,,,,,,
WHLM,,,,,,
NPHC,,,,,,
PRSI,,,,,,
CMGR,,,,,,
BSVN,,,,,,
NIMU,,,,,,
PDEX,,,,,,
OVTZ,,,,,,
SDVI,,,,,,
NSEC,,,,,,
LE,,,,,,
LBTI,,,,,,
TWIN,,,,,,
DUOT,,,,,,
TSRI,,,,,,
SENR,,,,,,
IDW,,,,,,
HQDA,,,,,,
DYNR,,,,,,
GCBC,,,,,,
CRTG,,,,,,
EYEN,,,,,,
SYN,,,,,,
VRNA,,,,,,
MULG,,,,,,
HBIS,,,,,,
PBAJ,,,,,,
SIF,,,,,,
LODE,,,,,,
LMPX,,,,,,
CLRO,,,,,,
MHTX,,,,,,
ITI,,,,,,
DSS,,,,,,
TIG,,,,,,
CZWI,,,,,,
MSP,,,,,,
VWTR,,,,,,
FULO,,,,,,
TBBA,,,,,,
BZYR,,,,,,
ZYME,,,,,,
AADI,,,,,,
SMDM,,,,,,
MILC,,,,,,
SLNG,,,,,,
UMEWF,,,,,,
USNU,,,,,,
GIGA,,,,,,
IDA,,,,,,
BUDZ,,,,,,
CAPR,,,,,,
FIND,,,,,,
MLVF,,,,,,
PCYG,,,,,,
JSHG,,,,,,
WFCF,,,,,,
GWSN,,,,,,
VNUE,,,,,,
DAIO,,,,,,
ZLAB,,,,,,
SUN,,,,,,
PGLO,,,,,,
INTI,,,,,,
APSI,,,,,,
FHTF,,,,,,
ISIG,,,,,,
TAUG,,,,,,
RRTS,,,,,,
TCI,,,,,,
OUNZ,,,,,,
HGYN,,,,,,
TPTW,,,,,,
HR,,,,,,
INO,,,,,,
DKL,,,,,,
IINX,,,,,,
AMMX,,,,,,
HHS,,,,,,
GLNS,,,,,,
LITH,,,,,,
NRBO,,,,,,
CNGT,,,,,,
STCB,,,,,,
SFOR,,,,,,
KITL,,,,,,
FUSN,,,,,,
ATLO,,,,,,
THCT,,,,,,
IMRA,,,,,,
LBUY,,,,,,
MNTK,,,,,,
BYFC,,,,,,
FRTG,,,,,,
AVDL,,,,,,
PAYS,,,,,,
GDMK,,,,,,
BUKS,,,,,,
AFPW,,,,,,
FJHL,,,,,,
CLOW,,,,,,
ABWN,,,,,,
OMEG,,,,,,
CLXT,,,,,,
ASPS,,,,,,
JUVF,,,,,,
MITI,,,,,,
REFR,,,,,,
SEVN,,,,,,
JAKK,,,,,,
LTUM,,,,,,
FKYS,,,,,,
PALI,,,,,,
FFBW,,,,,,
NGLD,,,,,,
VERY,,,,,,
RETC,,,,,,
VCOR,,,,,,
MMMW,,,,,,
WMC,,,,,,
MIC,,,,,,
HSAQ,,,,,,
JANL,,,,,,
RNWK,,,,,,
REAL,,,,,,
EMRN,,,,,,
GTIM,,,,,,
TLFA,,,,,,
SDWL,,,,,,
RZZN,,,,,,
GTBIF,,,,,,
SYTE,,,,,,
OMER,,,,,,
OPVS,,,,,,
UAMY,,,,,,
INRD,,,,,,
CPTP,,,,,,
HHSE,,,,,,
YEWB,,,,,,
MFCO,,,,,,
EARN,,,,,,
NTRA,,,,,,
CHUC,,,,,,
SISI,,,,,,
ARC,,,,,,
NBEV,,,,,,
LGIQ,,,,,,
THRO,,,,,,
SVFD,,,,,,
RAYT,,,,,,
FUNC,,,,,,
CVV,,,,,,
ACRX,,,,,,
FSFG,,,,,,
MSSV,,,,,,
BANT,,,,,,
VTSI,,,,,,
BLIN,,,,,,
NANN,,,,,,
PTZH,,,,,,
BABB,,,,,,
BCTF,,,,,,
CIZN,,,,,,
ATXS,,,,,,
CKPT,,,,,,
ENZ,,,,,,
INVE,,,,,,
NUMD,,,,,,
TAYD,,,,,,
PGID,,,,,,
PSTI,,,,,,
ISBC,,,,,,
NBGV,,,,,,
REEMF,,,,,,
SBT,,,,,,
DAN,,,,,,
SSKN,,,,,,
PFSF,,,,,,
BIOL,,,,,,
SMTI,,,,,,
NAII,,,,,,
VYST,,,,,,
GTHR,,,,,,
KGNR,,,,,,
APHE,,,,,,
ALDA,,,,,,
SHNL,,,,,,
MLFB,,,,,,
ORN,,,,,,
GAHC,,,,,,
TCCO,,,,,,
BGSF,,,,,,
PNRG,,,,,,
EDIT,,,,,,
LUMO,,,,,,
SIGY,,,,,,
SNPX,,,,,,
OSH,,,,,,
PGAS,,,,,,
NXEN,,,,,,
CURR,,,,,,
EXLA,,,,,,
HTA,,,,,,
BMNM,,,,,,
CRYM,,,,,,
HZN,,,,,,
LWEL,,,,,,
FSEA,,,,,,
GNSS,,,,,,
VITX,,,,,,
GPP,,,,,,
CVET,,,,,,
USAP,,,,,,
FXC,,,,,,
CGA,,,,,,
PCB,,,,,,
OCLN,,,,,,
AXAS,,,,,,
FUSB,,,,,,
THM,,,,,,
RNWR,,,,,,
MFBP,,,,,,
TIKK,,,,,,
ADTN,,,,,,
STCN,,,,,,
TRRB,,,,,,
DFCO,,,,,,
ALID,,,,,,
KENS,,,,,,
PZN,,,,,,
PLYN,,,,,,
RBCN,,,,,,
INUV,,,,,,
BTDG,,,,,,
SCYX,,,,,,
PHBI,,,,,,
SVRA,,,,,,
OPOF,,,,,,
BOTJ,,,,,,
BRID,,,,,,
SGNI,,,,,,
CYAP,,,,,,
GRST,,,,,,
SAFM,,,,,,
ARMC,,,,,,
SMID,,,,,,
MORN,,,,,,
AQST,,,,,,
AGTK,,,,,,
MNTR,,,,,,
BTCY,,,,,,
PQEFF,,,,,,
STAB,,,,,,
PTRS,,,,,,
FALC,,,,,,
NINE,,,,,,
GBT,,,,,,
CC,,,,,,
BPTH,,,,,,
AERG,,,,,,
AQMS,,,,,,
CNET,,,,,,
ELVG,,,,,,
VIDE,,,,,,
BRBL,,,,,,
GTXO,,,,,,
MAX,,,,,,
GURE,,,,,,
PFMT,,,,,,
RYES,,,,,,
SSET,,,,,,
GLXZ,,,,,,
AIRG,,,,,,
MYHI,,,,,,
EZRG,,,,,,
GWTI,,,,,,
SONN,,,,,,
SNDD,,,,,,
ITP,,,,,,
GBOX,,,,,,
CDK,,,,,,
HIL,,,,,,
CHNO,,,,,,
SMME,,,,,,
VCNX,,,,,,
NWYU,,,,,,
CZNI,,,,,,
KINS,,,,,,
RSRV,,,,,,
CVCY,,,,,,
MMND,,,,,,
AEY,,,,,,
COEP,,,,,,
SHRG,,,,,,
AMPY,,,,,,
AFDG,,,,,,
CTIC,,,,,,
ROYL,,,,,,
POTN,,,,,,
CTGL,,,,,,
NTUS,,,,,,
BXXY,,,,,,
CAL,,,,,,
SYBX,,,,,,
CTIB,,,,,,
EAWD,,,,,,
PEN,,,,,,
JAN,,,,,,
TELA,,,,,,
NTWK,,,,,,
ZDGE,,,,,,
TENX,,,,,,
ICCC,,,,,,
SPRS,,,,,,
WCRS,,,,,,
CCXI,,,,,,
XTNT,,,,,,
MNPR,,,,,,
SMAR,,,,,,
MHH,,,,,,
MTOR,,,,,,
NUVI,,,,,,
FMBM,,,,,,
LWAY,,,,,,
CBGL,,,,,,
GHST,,,,,,
ABTI,,,,,,
STRT,,,,,,
TARA,,,,,,
RCAR,,,,,,
WSCO,,,,,,
ACRU,,,,,,
GNPX,,,,,,
RMTI,,,,,,
DTGI,,,,,,
APTO,,,,,,
NSYS,,,,,,
MAYS,,,,,,
AMTY,,,,,,
LHIL,,,,,,
CBDS,,,,,,
CPHC,,,,,,
KTEL,,,,,,
DXYN,,,,,,
BLCM,,,,,,
BWMG,,,,,,
FCTI,,,,,,
DMLP,,,,,,
MICR,,,,,,
SCPH,,,,,,
UWHR,,,,,,
DBE,,,,,,
VIZC,,,,,,
GTYH,,,,,,
ARAT,,,,,,
EVBN,,,,,,
III,,,,,,
SJ,,,,,,
AMHG,,,,,,
IPSI,,,,,,
CPMD,,,,,,
CBAT,,,,,,
RSKIA,,,,,,
NKSH,,,,,,
TECH,,,,,,
CBMB,,,,,,
AVO,,,,,,
LCTC,,,,,,
SPOK,,,,,,
G,,,,,,
GENH,,,,,,
NEXT,,,,,,
HNGR,,,,,,
CREG,,,,,,
BASA,,,,,,
CIIT,,,,,,
ARDS,,,,,,
INBT,,,,,,
CW,,,,,,
NECA,,,,,,
HMNF,,,,,,
BETRF,,,,,,
GTEC,,,,,,
AN,,,,,,
CLSD,,,,,,
ADVV,,,,,,
UBOH,,,,,,
ZGSI,,,,,,
ACU,,,,,,
ROAG,,,,,,
BNET,,,,,,
PSWW,,,,,,
SBTX,,,,,,
FXB,,,,,,
USAQ,,,,,,
RAVE,,,,,,
BSM,,,,,,
DBP,,,,,,
AIAD,,,,,,
ELST,,,,,,
CETY,,,,,,
HRBR,,,,,,
RMBL,,,,,,
NNRX,,,,,,
SNBH,,,,,,
ISTR,,,,,,
FORD,,,,,,
STE,,,,,,
UGA,,,,,,
PLYZ,,,,,,
ACTX,,,,,,
BLXX,,,,,,
NYC,,,,,,
AVOI,,,,,,
FTLF,,,,,,
UUP,,,,,,
PBLA,,,,,,
TAIT,,,,,,
OCDX,,,,,,
WSTL,,,,,,
ENDV,,,,,,
OPNT,,,,,,
EFBI,,,,,,
HBUV,,,,,,
UG,,,,,,
CVAT,,,,,,
CNSP,,,,,,
NEWH,,,,,,
XERI,,,,,,
CALA,,,,,,
SWKH,,,,,,
GMER,,,,,,
LINC,,,,,,
CLRB,,,,,,
BIMT,,,,,,
BKYI,,,,,,
ESPI,,,,,,
EXDW,,,,,,
GRYN,,,,,,
RMHB,,,,,,
INOD,,,,,,
RTLR,,,,,,
HBP,,,,,,
TEUM,,,,,,
MMEX,,,,,,
TAPM,,,,,,
EVOK,,,,,,
DPLS,,,,,,
NWPP,,,,,,
WINR,,,,,,
DFH,,,,,,
AURX,,,,,,
CDAK,,,,,,
VBHI,,,,,,
GVP,,,,,,
BIQIF,,,,,,
SANW,,,,,,
OFED,,,,,,
SRTS,,,,,,
QNBC,,,,,,
GSTC,,,,,,
BMMJ,,,,,,
SNOA,,,,,,
JMKJ,,,,,,
PHOT,,,,,,
OGAA,,,,,,
EMAX,,,,,,
LCLP,,,,,,
TRXA,,,,,,
CLBS,,,,,,
NERV,,,,,,
WSCC,,,,,,
NTPY,,,,,,
BNTC,,,,,,
CBIO,,,,,,
NTOX,,,,,,
GBPT,,,,,,
COSM,,,,,,
CZFS,,,,,,
CYTR,,,,,,
LNDC,,,,,,
INRE,,,,,,
NATI,,,,,,
RGIN,,,,,,
VYNT,,,,,,
REV,,,,,,
PLBC,,,,,,
INLB,,,,,,
FIFG,,,,,,
NEON,,,,,,
CIRX,,,,,,
ALPP,,,,,,
HYSR,,,,,,
CCBC,,,,,,
ACAN,,,,,,
NCRE,,,,,,
THMO,,,,,,
PHIL,,,,,,
FVCB,,,,,,
LQDA,,,,,,
BSQR,,,,,,
LIVE,,,,,,
KRMD,,,,,,
CIEN,,,,,,
LOGX,,,,,,
CCYC,,,,,,
CHCR,,,,,,
NUNZ,,,,,,
APPB,,,,,,
NRIS,,,,,,
GKIN,,,,,,
ARTW,,,,,,
HPTO,,,,,,
GEG,,,,,,
MLP,,,,,,
SUWN,,,,,,
ELDN,,,,,,
FNCB,,,,,,
MGTI,,,,,,
SCRH,,,,,,
EKSO,,,,,,
OBTX,,,,,,
ALPE,,,,,,
DHCC,,,,,,
CLSH,,,,,,
AB,,,,,,
MCCX,,,,,,
GBL,,,,,,
COCP,,,,,,
STCC,,,,,,
OM,,,,,,
APRN,,,,,,
DIT,,,,,,
GLBD,,,,,,
LCHD,,,,,,
EXPR,,,,,,
VIR,,,,,,
SCWO,,,,,,
NMRD,,,,,,
NWFL,,,,,,
SUNW,,,,,,
CMPS,,,,,,
ULNV,,,,,,
PLXP,,,,,,
SHLX,,,,,,
LPCN,,,,,,
ACUR,,,,,,
ATXG,,,,,,
PPCB,,,,,,
IQST,,,,,,
CVSI,,,,,,
PRKA,,,,,,
RMCF,,,,,,
OBLG,,,,,,
XELB,,,,,,
GWSO,,,,,,
MDIA,,,,,,
AYTU,,,,,,
JVA,,,,,,
APVO,,,,,,
LEE,,,,,,
ONTX,,,,,,
SLV,,,,,,
DRTT,,,,,,
AVGR,,,,,,
STRM,,,,,,
ASDN,,,,,,
CWBC,,,,,,
GZCC,,,,,,
TUSK,,,,,,
LPTX,,,,,,
FCUV,,,,,,
SFBC,,,,,,
CWRK,,,,,,
SLRX,,,,,,
CHE,,,,,,
SND,,,,,,
INQD,,,,,,
LNGB,,,,,,
DARE,,,,,,
XDSL,,,,,,
BLPH,,,,,,
BMTM,,,,,,
EVOL,,,,,,
PATI,,,,,,
FCIC,,,,,,
MGYR,,,,,,
AKTX,,,,,,
USO,,,,,,
ADYX,,,,,,
AIRT,,,,,,
OWPC,,,,,,
REBL,,,,,,
MYSZ,,,,,,
HEPA,,,,,,
LVPA,,,,,,
KNWN,,,,,,
MRKR,,,,,,
BYLG,,,,,,
PLTM,,,,,,
AEHR,,,,,,
SNFCA,,,,,,
IROQ,,,,,,
NEGG,,,,,,
AUBN,,,,,,
CRXM,,,,,,
ADMQ,,,,,,
APRE,,,,,,
RPMT,,,,,,
SNRG,,,,,,
HSTA,,,,,,
QLGN,,,,,,
OVLY,,,,,,
ZI,,,,,,
SRGZ,,,,,,
RVRF,,,,,,
QOEG,,,,,,
IGEN,,,,,,
ACFN,,,,,,
MMNFF,,,,,,
SKAS,,,,,,
AHPI,,,,,,
BOTY,,,,,,
DBVT,,,,,,
AXR,,,,,,
NVNT,,,,,,
CPMV,,,,,,
AYLA,,,,,,
AMSU,,,,,,
FXE,,,,,,
ETTX,,,,,,
FRTM,,,,,,
AGTX,,,,,,
ARMP,,,,,,
TRIQ,,,,,,
ELVT,,,,,,
MEPW,,,,,,
RBTK,,,,,,
BDGY,,,,,,
IBAL,,,,,,
WTER,,,,,,
SREV,,,,,,
SYQH,,,,,,
RASP,,,,,,
ELOX,,,,,,
ECRP,,,,,,
TTOO,,,,,,
OVBC,,,,,,
GLBZ,,,,,,
MSPC,,,,,,
IWSY,,,,,,
SCGY,,,,,,
NURO,,,,,,
WISA,,,,,,
HDII,,,,,,
OCEL,,,,,,
CLTH,,,,,,
TMGI,,,,,,
DFFN,,,,,,
DBB,,,,,,
OMEX,,,,,,
SSDT,,,,,,
RKFL,,,,,,
ACST,,,,,,
ENRT,,,,,,
FLUX,,,,,,
ESMC,,,,,,
LMFA,,,,,,
ZZLL,,,,,,
VPRB,,,,,,
PEBK,,,,,,
SIRE,,,,,,
HRGG,,,,,,
UNB,,,,,,
GBR,,,,,,
STRS,,,,,,
ADES,,,,,,
VYCO,,,,,,
LCNB,,,,,,
UEEC,,,,,,
RDVT,,,,,,
JKSM,,,,,,
CFBK,,,,,,
PLX,,,,,,
BQST,,,,,,
LL,,,,,,
BBQ,,,,,,
EDSA,,,,,,
GPOX,,,,,,
TEN,,,,,,
RELV,,,,,,
RENO,,,,,,
LBAO,,,,,,
BFGX,,,,,,
RSPI,,,,,,
INVO,,,,,,
INTV,,,,,,
GLAE,,,,,,
RZLT,,,,,,
CRVW,,,,,,
CFIC,,,,,,
MBOT,,,,,,
MULN,,,,,,
WWSG,,,,,,
AKOM,,,,,,
PWFL,,,,,,
HMMR,,,,,,
GEVI,,,,,,
CMXC,,,,,,
USRM,,,,,,
CLRI,,,,,,
NTRR,,,,,,
OPGN,,,,,,
BIOF,,,,,,
WYY,,,,,,
BLNC,,,,,,
MSVB,,,,,,
CQCQ,,,,,,
WETF,,,,,,
ZNRG,,,,,,
PLAN,,,,,,
PWOD,,,,,,
HTGM,,,,,,
JYAC,,,,,,
MOH,,,,,,
IMCI,,,,,,
FREVS,,,,,,
ESBS,,,,,,
BCML,,,,,,
FGNV,,,,,,
MPAD,,,,,,
ONCI,,,,,,
WSTG,,,,,,
IONM,,,,,,
QUBT,,,,,,
QBAN,,,,,,
SNCE,,,,,,
BWEN,,,,,,
BFIN,,,,,,
TTNP,,,,,,
MACK,,,,,,
OTIVF,,,,,,
HFBL,,,,,,
LRDC,,,,,,
ESQ,,,,,,
AGCB,,,,,,
TTSH,,,,,,
WSTRF,,,,,,
GIC,,,,,,
OBCI,,,,,,
CNNC,,,,,,
VGZ,,,,,,
VISL,,,,,,
VEC,,,,,,
DWSN,,,,,,
BTX,,,,,,
WTRH,,,,,,
KBLB,,,,,,
WBBA,,,,,,
GTEH,,,,,,
ABIO,,,,,,
GBLX,,,,,,
VSBC,,,,,,
AE,,,,,,
STOR,,,,,,
BWMY,,,,,,
NVGI,,,,,,
GLD,,,,,,
GLYC,,,,,,
LRMR,,,,,,
TMNA,,,,,,
SPXC,,,,,,
NAVB,,,,,,
TOFB,,,,,,
SKVI,,,,,,
QNTA,,,,,,
CLOQ,,,,,,
PKKW,,,,,,
BSTG,,,,,,
ISCO,,,,,,
NOVC,,,,,,
CUBE,,,,,,
FMFG,,,,,,
UNEX,,,,,,
ASPU,,,,,,
AEYE,,,,,,
FORZ,,,,,,
GTLL,,,,,,
LNSR,,,,,,
RMESF,,,,,,
HADV,,,,,,
PDCE,,,,,,
BMNR,,,,,,
WISM,,,,,,
PRHL,,,,,,
GENC,,,,,,
CPSH,,,,,,
UUUU,,,,,,
WORX,,,,,,
XFCI,,,,,,
BSFC,,,,,,
GSPE,,,,,,
ASUR,,,,,,
UBX,,,,,,
EXEO,,,,,,
ARSN,,,,,,
ENBP,,,,,,
ALRN,,,,,,
SCND,,,,,,
NPTX,,,,,,
HMLA,,,,,,
NUGL,,,,,,
MXSG,,,,,,
NLST,,,,,,
BHVN,,,,,,
BCBP,,,,,,
BRRN,,,,,,
DLA,,,,,,
DBMM,,,,,,
GYRO,,,,,,
MNTX,,,,,,
BTCS,,,,,,
FOTB,,,,,,
WHSI,,,,,,
OEG,,,,,,
MDWT,,,,,,
KULR,,,,,,
SOBR,,,,,,
LEAT,,,,,,
UITA,,,,,,
EMCF,,,,,,
PESI,,,,,,
TRVI,,,,,,
FSSN,,,,,,
TGAN,,,,,,
INSD,,,,,,
XITO,,,,,,
NEPH,,,,,,
NAUH,,,,,,
PSTV,,,,,,
WGEI,,,,,,
MYMD,,,,,,
LBSR,,,,,,
MBCN,,,,,,
WATT,,,,,,
KATX,,,,,,
LEDS,,,,,,
DGTW,,,,,,
ORTX,,,,,,
SYNE,,,,,,
ICCH,,,,,,
EQ,,,,,,
WBQNL,,,,,,
CYBE,,,,,,
BDSI,,,,,,
GRNF,,,,,,
BBBT,,,,,,
IAU,,,,,,
IZEA,,,,,,
INTZ,,,,,,
BRVO,,,,,,
TRT,,,,,,
SANP,,,,,,
SEII,,,,,,
SCTC,,,,,,
UTI,,,,,,
SLGD,,,,,,
KOSS,,,,,,
WINT,,,,,,
RFIL,,,,,,
ENZN,,,,,,
QTXB,,,,,,
AGRX,,,,,,
DSGT,,,,,,
WRE,,,,,,
PED,,,,,,
PRKR,,,,,,
SMHI,,,,,,
HLYK,,,,,,
CRMZ,,,,,,
ZDPY,,,,,,
BMXC,,,,,,
SFRX,,,,,,
IMMR,,,,,,
HLWD,,,,,,
MSB,,,,,,
NROM,,,,,,
INMB,,,,,,
FTXP,,,,,,
GOFF,,,,,,
GDRX,,,,,,
DBRM,,,,,,
CBKCQ,,,,,,
STLY,,,,,,
MLSS,,,,,,
WODI,,,,,,
TPCS,,,,,,
FTK,,,,,,
VRTC,,,,,,
SILO,,,,,,
DBO,,,,,,
CLCS,,,,,,
WLKP,,,,,,
IMNM,,,,,,
NMGX,,,,,,
WARM,,,,,,
ESSI,,,,,,
NUWE,,,,,,
CBDY,,,,,,
CPHI,,,,,,
RTSL,,,,,,
DPSM,,,,,,
RIBT,,,,,,
XPL,,,,,,
GORO,,,,,,
TGEN,,,,,,
LIVC,,,,,,
XESP,,,,,,
VG,,,,,,
MSLP,,,,,,
AMMJ,,,,,,
LSBK,,,,,,
SRUS,,,,,,
SUND,,,,,,
PEGA,,,,,,
NDLS,,,,,,
TBTC,,,,,,
VICP,,,,,,
RDUS,,,,,,
CECE,,,,,,
SINC,,,,,,
AKUS,,,,,,
MSGM,,,,,,
ALPC,,,,,,
CLSN,,,,,,
MERC,,,,,,
BRBR,,,,,,
BMIX,,,,,,
YBCN,,,,,,
ACOR,,,,,,
NAHD,,,,,,
GSIH,,,,,,
VISM,,,,,,
TCNT,,,,,,
SSCR,,,,,,
SCYYF,,,,,,
LEGX,,,,,,
ESP,,,,,,
RSCF,,,,,,
WTNW,,,,,,
ATI,,,,,,
ZENO,,,,,,
CYAN,,,,,,
BIEI,,,,,,
FENC,,,,,,
RIII,,,,,,
CNNB,,,,,,
MEDS,,,,,,
GSHN,,,,,,
CSBB,,,,,,
UVE,,,,,,
ABQQ,,,,,,
MOJO,,,,,,
ALTB,,,,,,
CTEK,,,,,,
ZWS,,,,,,
EGY,,,,,,
LFAP,,,,,,
TCFC,,,,,,
GRIL,,,,,,
CLNV,,,,,,
EVOA,,,,,,
GLTR,,,,,,
ATAX,,,,,,
DESTQ,,,,,,
BBI,,,,,,
HUSA,,,,,,
WETG,,,,,,
PINE,,,,,,
UNAM,,,,,,
NICK,,,,,,
GMPW,,,,,,
KOAN,,,,,,
THER,,,,,,
PNPL,,,,,,
PACK,,,,,,
TRCK,,,,,,
KGKG,,,,,,
KAVL,,,,,,
GTCH,,,,,,
CAPL,,,,,,
BEGI,,,,,,
KEQU,,,,,,
SGA,,,,,,
BZRD,,,,,,
LTDH,,,,,,
ALDS,,,,,,
YTEN,,,,,,
SRSG,,,,,,
HALL,,,,,,
MSN,,,,,,
EFIR,,,,,,
HDSN,,,,,,
NMTC,,,,,,
RCAT,,,,,,
TKLS,,,,,,
GFTX,,,,,,
SRCO,,,,,,
OMHI,,,,,,
GWHP,,,,,,
BFNH,,,,,,
WEWA,,,,,,
SRRA,,,,,,
LTRX,,,,,,
GBNY,,,,,,
EBMT,,,,,,
GBS,,,,,,
PYYX,,,,,,
DBC,,,,,,
MICT,,,,,,
COSG,,,,,,
ZNOG,,,,,,
AAGH,,,,,,
TGLS,,,,,,
PCTI,,,,,,
SGBX,,,,,,
TMX,,,,,,
HLMN,,,,,,
PHX,,,,,,
AITX,,,,,,
NOVN,,,,,,
MIXT,,,,,,
NEN,,,,,,
FC,,,,,,
CTDT,,,,,,
CYCN,,,,,,
XFOR,,,,,,
CRKN,,,,,,
SGRP,,,,,,
DIRV,,,,,,
QEGY,,,,,,
BMRA,,,,,,
PPLT,,,,,,
DXLG,,,,,,
DPDW,,,,,,
ILAL,,,,,,
GRTX,,,,,,
URYL,,,,,,
ANDR,,,,,,
SOMC,,,,,,
NMEX,,,,,,
SUIC,,,,,,
LAKE,,,,,,
INND,,,,,,
TZOO,,,,,,
VRDR,,,,,,
GLGI,,,,,,
TMRR,,,,,,
OPTT,,,,,,
RKDA,,,,,,
DBV,,,,,,
SAL,,,,,,
CMGO,,,,,,
CWCO,,,,,,
ISCB,,,,,,
STSA,,,,,,
UNRV,,,,,,
DTSS,,,,,,
CRWE,,,,,,
ARTH,,,,,,
DUUO,,,,,,
NAOV,,,,,,
ASRT,,,,,,
AMST,,,,,,
ADMP,,,,,,
JRSH,,,,,,
USDP,,,,,,
AIHS,,,,,,
OCUP,,,,,,
TESS,,,,,,
MBRX,,,,,,
TTCM,,,,,,
PPBN,,,,,,
ENDP,,,,,,
SGMD,,,,,,
PURE,,,,,,
ABMC,,,,,,
JILL,,,,,,
AMRR,,,,,,
VADP,,,,,,
PRED,,,,,,
MRGE,,,,,,
AMNL,,,,,,
FOMC,,,,,,
DHX,,,,,,
RGMP,,,,,,
AVNI,,,,,,
SEM,,,,,,
WUYI,,,,,,
BSPK,,,,,,
ZEN,,,,,,
WBT,,,,,,
HYPR,,,,,,
DCTH,,,,,,
CLRD,,,,,,
BLBX,,,,,,
WULF,,,,,,
GHAV,,,,,,
RCMW,,,,,,
SIAF,,,,,,
RCON,,,,,,
LOOP,,,,,,
ABVC,,,,,,
USLG,,,,,,
PTCO,,,,,,
ECXJ,,,,,,
SIMP,,,,,,
RNDB,,,,,,
